ROUTE,flights_count,avg_arrival_delay,median_arrival_delay,cancel_rate,diverted_rate,avg_distance,cluster
ABE-ATL,15,6.666666666666667,-2.0,0.0,0.0,1113.4190269029532,0
ABE-DTW,12,6.666666666666667,-8.0,0.0,0.0,681.4459275294588,0
ABE-ORD,14,32.25,4.0,0.14285714285714285,0.0,1050.3973610937187,0
ABI-DFW,40,10.702702702702704,-4.0,0.075,0.0,253.38619408975234,0
ABQ-ATL,17,2.823529411764706,-4.0,0.0,0.0,2038.37931976302,0
ABQ-BWI,13,14.666666666666666,-5.5,0.0,0.07692307692307693,2682.068253605852,1
ABQ-DAL,21,3.6,0.0,0.047619047619047616,0.0,932.0788737591964,0
ABQ-DEN,36,1.7142857142857142,-5.0,0.027777777777777776,0.0,562.4795299941568,0
ABQ-DFW,33,7.606060606060606,-7.0,0.0,0.0,913.9301557115864,0
ABQ-HOU,21,16.952380952380953,-3.0,0.0,0.0,1220.6269993542305,0
ABQ-IAH,17,-4.705882352941177,-10.0,0.0,0.0,1196.0697082242627,0
ABQ-LAS,16,-0.13333333333333333,-8.0,0.0625,0.0,781.1318283644001,0
ABQ-LAX,28,0.39285714285714285,-2.5,0.0,0.0,1087.5617277238468,0
ABQ-MCI,8,24.25,0.0,0.0,0.0,1154.196606017034,0
ABQ-MDW,9,1.4444444444444444,0.0,0.0,0.0,1800.9448959299498,0
ABQ-OAK,12,11.181818181818182,-10.0,0.08333333333333333,0.0,1427.1997520695252,0
ABQ-ORD,11,6.8,-3.5,0.09090909090909091,0.0,1795.99325888967,0
ABQ-PHX,38,8.157894736842104,3.0,0.0,0.0,527.3608804187211,0
ABQ-SAN,14,7.571428571428571,-7.5,0.0,0.0,1009.2046548080476,0
ABQ-SEA,10,-11.6,-11.0,0.0,0.0,1897.3249062611437,0
ABQ-SFO,10,-18.7,-26.5,0.0,0.0,1439.2738028445995,0
ABQ-SLC,19,-13.842105263157896,-14.0,0.0,0.0,793.5686279171181,0
ABR-MSP,9,-3.6666666666666665,-7.0,0.0,0.0,412.857030045554,0
ABY-ATL,15,-3.7333333333333334,-6.0,0.0,0.0,235.06734006675882,0
ACT-DFW,24,22.09090909090909,0.0,0.08333333333333333,0.0,143.99969231263265,0
ACV-SFO,32,15.5,-7.5,0.0,0.0,402.1849762986149,0
ACY-FLL,11,15.0,-4.0,0.0,0.0,1576.1078065541165,0
ACY-MCO,10,39.6,4.0,0.0,0.0,1373.8145020465154,0
ACY-MYR,6,1.3333333333333333,-6.0,0.0,0.0,750.5950117053025,0
ACY-RSW,12,1.6666666666666667,-1.5,0.0,0.0,1583.6692212228072,0
ADQ-ANC,6,4.833333333333333,2.5,0.0,0.0,406.00536059793836,0
AEX-ATL,20,1.15,-3.0,0.0,0.0,803.7533011769541,0
AEX-DFW,17,8.117647058823529,-9.0,0.0,0.0,457.2685050672919,0
AEX-IAH,15,-2.2,-9.0,0.0,0.0,306.1139129265054,0
AGS-ATL,48,-1.5,-3.5,0.0,0.0,230.27991635540843,0
ALB-ATL,14,-16.428571428571427,-24.5,0.0,0.0,1371.6628613970818,0
ALB-BWI,22,10.545454545454545,-2.5,0.0,0.0,464.3689616040725,0
ALB-CLT,14,-5.857142857142857,-5.0,0.0,0.0,1039.6724394462512,0
ALB-DTW,11,-8.0,-10.0,0.0,0.0,784.6767983913537,0
ALB-MCO,9,-9.555555555555555,-21.0,0.0,0.0,1729.274327023821,0
ALB-MDW,9,28.75,-5.0,0.1111111111111111,0.0,1151.4947007464514,0
ALB-MSP,5,0.8,-15.0,0.0,0.0,1571.771695679204,0
ALB-ORD,18,-6.055555555555555,-14.0,0.0,0.0,1160.3632239892208,0
ALO-ORD,10,40.9,-10.0,0.0,0.0,375.4253842231014,0
AMA-DAL,26,6.458333333333333,-1.5,0.07692307692307693,0.0,519.1894481884887,0
AMA-DEN,11,-4.909090909090909,-10.0,0.0,0.0,578.0506450907733,0
AMA-DFW,17,-2.588235294117647,-8.0,0.0,0.0,501.6315152155878,0
AMA-IAH,22,20.09090909090909,-4.5,0.0,0.0,833.2729606725784,0
ANC-ADQ,5,-9.333333333333334,-11.0,0.4,0.0,406.00536059793836,0
ANC-BET,15,8.333333333333334,4.0,0.0,0.0,639.4571497486662,0
ANC-CDV,6,-5.833333333333333,-10.0,0.0,0.0,256.2957461452262,0
ANC-DEN,12,16.333333333333332,7.5,0.0,0.0,3863.6587630134895,0
ANC-DFW,6,16.666666666666668,-2.0,0.0,0.0,4889.3904023098385,0
ANC-JNU,16,7.875,-3.0,0.0,0.0,915.9193807341297,0
ANC-LAX,7,-5.714285714285714,-12.0,0.0,0.0,3770.8046598678784,0
ANC-MSP,5,31.6,-7.0,0.0,0.0,4042.3888890703615,0
ANC-OME,6,-5.5,-5.0,0.0,0.0,864.5424216880851,0
ANC-ORD,10,0.8888888888888888,-4.0,0.1,0.0,4568.321140760331,0
ANC-OTZ,9,2.4285714285714284,1.0,0.0,0.2222222222222222,879.9268192796704,1
ANC-PDX,21,-7.523809523809524,-8.0,0.0,0.0,2476.7578796143343,0
ANC-SCC,11,-6.0,-5.0,0.0,0.0,1005.3942254990986,0
ANC-SEA,93,-3.9130434782608696,-7.0,0.0,0.010752688172043012,2325.632163842432,0
APN-DTW,6,-10.333333333333334,-14.5,0.0,0.0,319.1392722897515,0
ASE-DEN,19,16.736842105263158,-6.0,0.0,0.0,201.5828499338653,0
ASE-DFW,5,38.25,1.5,0.2,0.0,1128.41440224693,0
ASE-IAH,5,15.8,10.0,0.0,0.0,1470.596909826696,0
ASE-LAX,16,2.0,-8.0,0.0625,0.0625,1184.5160223216692,1
ASE-ORD,9,7.0,9.0,0.0,0.0,1626.6048151686578,0
ASE-SFO,6,17.4,8.0,0.16666666666666666,0.0,1360.8549669013637,0
ATL-ABE,19,10.31578947368421,1.0,0.0,0.0,1113.4190269029532,0
ATL-ABQ,20,21.7,-8.0,0.0,0.0,2038.3793197630198,0
ATL-ABY,14,12.0,-3.5,0.0,0.0,235.06734006675882,0
ATL-AEX,24,4.833333333333333,-1.5,0.0,0.0,803.7533011769541,0
ATL-AGS,45,16.044444444444444,-2.0,0.0,0.0,230.27991635540846,0
ATL-ALB,8,-4.75,-5.0,0.0,0.0,1371.6628613970818,0
ATL-ATW,6,-0.8333333333333334,-3.5,0.0,0.0,1232.0204876446412,0
ATL-AUS,59,3.6779661016949152,-8.0,0.0,0.0,1306.1887571886366,0
ATL-AVL,30,9.642857142857142,-6.0,0.06666666666666667,0.0,263.96976193505265,0
ATL-AVP,7,-1.7142857142857142,-4.0,0.0,0.0,1148.6231767300767,0
ATL-BDL,39,-5.948717948717949,-8.0,0.0,0.0,1381.9440149711472,0
ATL-BHM,44,-0.16279069767441862,-5.0,0.022727272727272728,0.0,215.64620603519316,0
ATL-BMI,13,10.76923076923077,1.0,0.0,0.0,858.0126216907798,0
ATL-BNA,61,0.09836065573770492,-6.0,0.0,0.0,344.1567284470213,0
ATL-BOS,97,1.1578947368421053,-8.0,0.020618556701030927,0.0,1521.1942309297106,0
ATL-BQK,10,-7.9,-6.5,0.0,0.0,383.7522132371663,0
ATL-BTR,44,1.1395348837209303,-8.0,0.022727272727272728,0.0,721.2174949195326,0
ATL-BUF,23,-5.434782608695652,-6.0,0.0,0.0,1146.6421991348034,0
ATL-BWI,118,2.5555555555555554,-8.0,0.0,0.00847457627118644,927.1717777387967,0
ATL-CAE,39,9.512820512820513,-2.0,0.0,0.0,307.42680153883055,0
ATL-CAK,32,-2.28125,-7.0,0.0,0.0,850.8880935136683,0
ATL-CHA,49,7.73469387755102,-4.0,0.0,0.0,170.711462193071,0
ATL-CHO,16,4.6875,0.0,0.0,0.0,734.3928287706536,0
ATL-CHS,54,-3.4423076923076925,-6.5,0.037037037037037035,0.0,416.02846448171414,0
ATL-CID,15,11.642857142857142,-8.0,0.0,0.06666666666666667,1117.2045644836912,1
ATL-CLE,51,7.0,-7.0,0.0,0.0,893.308606686125,0
ATL-CLT,121,3.125,-7.0,0.008264462809917356,0.0,364.2657082589417,0
ATL-CMH,69,4.028985507246377,-5.0,0.0,0.0,719.9762418220371,0
ATL-COS,6,-1.3333333333333333,-5.5,0.0,0.0,1902.408277969101,0
ATL-CRW,18,4.111111111111111,-0.5,0.0,0.0,584.6499528876948,0
ATL-CSG,21,12.095238095238095,-4.0,0.0,0.0,133.78593362573622,0
ATL-CVG,36,4.333333333333333,-3.0,0.0,0.0,601.4548143875987,0
ATL-DAB,14,-8.285714285714286,-8.5,0.0,0.0,589.9989373427628,0
ATL-DAL,43,1.4285714285714286,-12.5,0.023255813953488372,0.0,1158.1377045340887,0
ATL-DAY,16,-3.0625,-5.0,0.0,0.0,696.540693761032,0
ATL-DCA,91,0.4044943820224719,-8.0,0.02197802197802198,0.0,879.7268814968404,0
ATL-DEN,86,11.244186046511627,-5.0,0.0,0.0,1925.9379143331498,0
ATL-DFW,109,1.2523364485981308,-8.0,0.01834862385321101,0.0,1174.581306317355,0
ATL-DHN,19,10.947368421052632,0.0,0.0,0.0,275.13194622641856,0
ATL-DSM,12,-9.25,-6.5,0.0,0.0,1195.4506012131797,0
ATL-DTW,91,2.4175824175824174,-4.0,0.0,0.0,957.7753197779253,0
ATL-ELP,21,5.285714285714286,-9.0,0.0,0.0,2059.6534456651784,0
ATL-EVV,15,-4.6,-6.0,0.0,0.0,563.2704771446968,0
ATL-EWN,12,11.583333333333334,6.0,0.0,0.0,696.0992081929277,0
ATL-EWR,91,8.055555555555555,-10.0,0.01098901098901099,0.0,1198.9535958299882,0
ATL-EYW,21,1.25,-4.5,0.0,0.047619047619047616,1042.716158694576,1
ATL-FAY,19,8.368421052631579,0.0,0.0,0.0,531.0345809951175,0
ATL-FLL,108,2.9537037037037037,-3.0,0.0,0.0,936.7619988694591,0
ATL-FNT,13,-1.7692307692307692,-2.0,0.0,0.0,1038.602253443385,0
ATL-FSD,9,16.77777777777778,-2.0,0.0,0.0,1535.1437122072293,0
ATL-FSM,12,7.909090909090909,5.0,0.08333333333333333,0.0,929.9383764952267,0
ATL-FWA,19,3.823529411764706,-6.0,0.05263157894736842,0.05263157894736842,818.7648692763014,1
ATL-GNV,31,5.67741935483871,-7.0,0.0,0.0,484.2697988416221,0
ATL-GPT,26,-5.538461538461538,-6.0,0.0,0.0,566.3166976063353,0
ATL-GRB,6,1.3333333333333333,-6.0,0.0,0.0,1247.1519668373578,0
ATL-GRK,9,5.555555555555555,-3.0,0.0,0.0,1289.9330896614642,0
ATL-GRR,16,-2.5,-14.0,0.0,0.0,1031.9007724508983,0
ATL-GSO,48,-2.723404255319149,-5.0,0.020833333333333332,0.0,492.27706447083665,0
ATL-GSP,47,5.913043478260869,-4.5,0.02127659574468085,0.0,246.26580771234822,0
ATL-GTR,19,3.111111111111111,-1.0,0.0,0.05263157894736842,386.49168676239765,1
ATL-HOU,76,7.328947368421052,-10.0,0.0,0.0,1118.424976902989,0
ATL-HPN,34,3.3666666666666667,-4.5,0.11764705882352941,0.0,1255.079376073806,0
ATL-HSV,38,-0.5675675675675675,-6.0,0.02631578947368421,0.0,242.86290582673132,0
ATL-IAD,36,7.722222222222222,-1.5,0.0,0.0,858.6614056390048,0
ATL-IAH,73,8.777777777777779,-5.5,0.0136986301369863,0.0,1107.8295395478667,0
ATL-ICT,16,-4.4375,-11.5,0.0,0.0,1255.602028804559,0
ATL-ILM,29,-2.3793103448275863,-4.0,0.0,0.0,605.721236378773,0
ATL-IND,66,4.2727272727272725,-0.5,0.0,0.0,695.8880050922074,0
ATL-JAN,32,-5.032258064516129,-9.0,0.03125,0.0,547.1934456255634,0
ATL-JAX,86,2.813953488372093,-4.0,0.0,0.0,434.7178710955284,0
ATL-JFK,32,11.59375,-6.0,0.0,0.0,1221.7272759674247,0
ATL-LAS,61,13.557377049180328,-3.0,0.0,0.0,2804.8569419910646,0
ATL-LAX,89,-0.5056179775280899,-8.0,0.0,0.0,3125.8143046290666,0
ATL-LEX,33,-0.09090909090909091,-6.0,0.0,0.0,489.13607173311794,0
ATL-LFT,22,10.863636363636363,-3.0,0.0,0.0,809.0368120014678,0
ATL-LGA,134,10.992063492063492,-1.5,0.05223880597014925,0.007462686567164179,1224.505424768238,0
ATL-LIT,39,-0.10256410256410256,-3.0,0.0,0.0,727.1763892259552,0
ATL-MCI,52,-3.480769230769231,-8.0,0.0,0.0,1113.2100312752516,0
ATL-MCO,156,7.535483870967742,-3.0,0.00641025641025641,0.0,650.7990358251087,0
ATL-MDT,14,-9.357142857142858,-13.5,0.0,0.0,996.7484817567216,0
ATL-MDW,63,1.9491525423728813,-6.0,0.047619047619047616,0.015873015873015872,951.5922863794502,0
ATL-MEM,48,-0.16666666666666666,-9.0,0.0,0.0,532.7598027402429,0
ATL-MGM,35,4.9714285714285715,-6.0,0.0,0.0,236.35204057131185,0
ATL-MHT,9,-4.111111111111111,-6.0,0.0,0.0,1530.7379519327358,0
ATL-MIA,98,0.2653061224489796,-3.0,0.0,0.0,959.3894787756445,0
ATL-MKE,57,-2.6842105263157894,-9.0,0.0,0.0,1077.9819604257168,0
ATL-MLB,24,0.3333333333333333,-7.5,0.0,0.0,713.5625228816762,0
ATL-MLI,8,2.125,-0.5,0.0,0.0,1019.7380564515267,0
ATL-MLU,16,20.785714285714285,10.0,0.0625,0.0625,719.9968691301463,1
ATL-MOB,44,4.953488372093023,-8.0,0.022727272727272728,0.0,486.2754663059664,0
ATL-MSN,16,-14.75,-16.5,0.0,0.0,1139.1460327947502,0
ATL-MSP,86,-1.6162790697674418,-6.5,0.0,0.0,1459.0547748273366,0
ATL-MSY,103,3.4653465346534653,-6.0,0.009708737864077669,0.009708737864077669,683.9001469017398,0
ATL-MYR,21,3.9047619047619047,3.0,0.0,0.0,508.8662067364089,0
ATL-OAJ,22,12.818181818181818,0.5,0.0,0.0,640.1306147380254,0
ATL-OKC,21,-4.761904761904762,-9.0,0.0,0.0,1221.659760891799,0
ATL-OMA,28,-2.814814814814815,-6.0,0.03571428571428571,0.0,1320.7990055031817,0
ATL-ORD,129,4.6299212598425195,-4.0,0.015503875968992248,0.0,976.0579049102032,0
ATL-ORF,47,6.739130434782608,-1.5,0.02127659574468085,0.0,829.4147180843357,0
ATL-PBI,89,2.808988764044944,-4.0,0.0,0.0,878.3120239901201,0
ATL-PDX,16,-3.0,-14.5,0.0,0.0,3488.980866066852,0
ATL-PHF,22,-3.3181818181818183,-5.0,0.0,0.0,816.9165189708561,0
ATL-PHL,119,3.6864406779661016,-6.0,0.008403361344537815,0.0,1071.231475921287,0
ATL-PHX,58,1.5,-4.0,0.0,0.0,2548.7756821091602,0
ATL-PIA,17,-0.7058823529411765,-1.0,0.0,0.0,909.4076549278408,0
ATL-PIT,53,1.0566037735849056,-8.0,0.0,0.0,847.55395362814,0
ATL-PNS,37,1.7777777777777777,-6.0,0.02702702702702703,0.0,437.78942303470063,0
ATL-PVD,16,8.733333333333333,-7.0,0.0625,0.0,1451.9911483070985,0
ATL-PWM,7,-3.0,-16.0,0.0,0.0,1651.4040766852715,0
ATL-RDU,82,10.296296296296296,-4.0,0.012195121951219513,0.0,571.9657879841793,0
ATL-RIC,56,-0.05357142857142857,-5.0,0.0,0.0,772.8501929456388,0
ATL-ROA,22,6.136363636363637,-3.0,0.0,0.0,574.6211793969007,0
ATL-ROC,12,0.75,-8.0,0.0,0.0,1206.2496516231683,0
ATL-RSW,79,-2.551282051282051,-9.0,0.012658227848101266,0.0,830.6259895389245,0
ATL-SAN,35,-10.264705882352942,-12.5,0.0,0.02857142857142857,3037.70639482622,0
ATL-SAT,48,-0.3958333333333333,-4.5,0.0,0.0,1404.9092785423538,0
ATL-SAV,58,0.896551724137931,-6.0,0.0,0.0,344.90135292481466,0
ATL-SBN,23,6.086956521739131,-1.0,0.0,0.0,912.4209107790484,0
ATL-SDF,57,-1.263157894736842,-6.0,0.0,0.0,517.7362683071005,0
ATL-SEA,40,1.1282051282051282,-9.0,0.025,0.0,3504.832199401679,0
ATL-SFO,56,-4.321428571428571,-10.5,0.0,0.0,3434.6745731511132,0
ATL-SGF,22,4.136363636363637,-4.5,0.0,0.0,904.6641058155045,0
ATL-SHV,38,4.027027027027027,-6.0,0.02631578947368421,0.0,885.723279662931,0
ATL-SJU,21,-7.380952380952381,-8.0,0.0,0.0,2491.110801936876,0
ATL-SLC,45,-10.863636363636363,-11.5,0.022222222222222223,0.0,2553.4982955854007,0
ATL-SMF,15,-1.7333333333333334,-5.0,0.0,0.0,3359.679769644555,0
ATL-SNA,25,-5.041666666666667,-11.5,0.0,0.04,3081.3326405169623,0
ATL-SRQ,37,-1.0,-7.0,0.0,0.0,717.1779148610302,0
ATL-STL,52,-3.25,-5.0,0.0,0.0,778.0718271181286,0
ATL-STT,13,-4.538461538461538,-8.0,0.0,0.0,2574.9751681489865,0
ATL-SYR,19,-5.105263157894737,-6.0,0.0,0.0,1277.2237025355603,0
ATL-TLH,37,-1.0810810810810811,-6.0,0.0,0.0,360.77859935233255,0
ATL-TPA,127,6.118110236220472,-3.0,0.0,0.0,655.3218777614096,0
ATL-TRI,26,1.8461538461538463,-9.0,0.0,0.0,364.8696032708434,0
ATL-TTN,8,28.625,21.5,0.0,0.0,1127.530690503189,0
ATL-TUL,25,-3.68,-6.0,0.0,0.0,1082.244403214663,0
ATL-TUS,14,0.07142857142857142,-11.0,0.0,0.0,2475.042417539495,0
ATL-TYS,29,-0.13793103448275862,-6.0,0.0,0.0,244.7562497376901,0
ATL-VLD,12,-4.545454545454546,-8.0,0.08333333333333333,0.0,335.6995264443412,0
ATL-VPS,33,-4.515151515151516,-6.0,0.0,0.0,402.89852681472274,0
ATL-XNA,44,3.477272727272727,-3.5,0.0,0.0,946.5017829160017,0
ATW-ATL,6,-15.5,-21.5,0.0,0.0,1232.0204876446412,0
ATW-MSP,6,5.5,1.0,0.0,0.0,378.45079522424857,0
ATW-ORD,31,-0.6785714285714286,-3.5,0.0967741935483871,0.0,258.15089594674515,0
AUS-ATL,67,1.507462686567164,-3.0,0.0,0.0,1306.1887571886366,0
AUS-BNA,8,1.75,-4.5,0.0,0.0,1215.9726725828475,0
AUS-BOS,8,-0.375,3.0,0.0,0.0,2729.698535842252,0
AUS-BWI,19,0.5,-8.5,0.05263157894736842,0.0,2157.041402268566,0
AUS-CLT,5,-5.8,-7.0,0.0,0.0,1659.0257027854775,0
AUS-DAL,80,4.897435897435898,-3.0,0.025,0.0,304.9731571195903,0
AUS-DCA,6,24.666666666666668,-6.5,0.0,0.0,2114.359606377014,0
AUS-DEN,49,24.75,0.0,0.02040816326530612,0.0,1248.236840186592,0
AUS-DFW,93,14.544444444444444,-3.0,0.021505376344086023,0.010752688172043012,306.30656547365663,0
AUS-DTW,7,2.142857142857143,-3.0,0.0,0.0,1848.7766155226582,0
AUS-ELP,17,30.294117647058822,2.0,0.0,0.0,848.8467268499369,0
AUS-EWR,13,3.75,-6.0,0.07692307692307693,0.0,2416.90920643651,0
AUS-FLL,16,7.5625,4.5,0.0,0.0,1775.6676456685884,0
AUS-HOU,32,3.59375,-1.5,0.0,0.0,238.37763706776212,0
AUS-HRL,8,5.125,5.5,0.0,0.0,441.0039095725394,0
AUS-IAH,29,3.413793103448276,3.0,0.0,0.0,225.44571422203956,0
AUS-JFK,26,-6.5,-10.5,0.0,0.0,2445.454793376741,0
AUS-LAS,28,-3.5357142857142856,-11.5,0.0,0.0,1751.1617084653415,0
AUS-LAX,49,-0.6595744680851063,-8.0,0.04081632653061224,0.0,1994.3565507223086,0
AUS-LGB,5,-0.4,-6.0,0.0,0.0,1969.3068103710036,0
AUS-MCO,20,13.6,-1.0,0.0,0.0,1596.343666509811,0
AUS-MDW,17,11.529411764705882,0.0,0.0,0.0,1565.1573067188388,0
AUS-MSY,7,7.857142857142857,-5.0,0.0,0.0,713.290744505427,0
AUS-OAK,9,-6.0,-13.0,0.0,0.0,2405.3020034383144,0
AUS-ORD,50,-1.14,-6.5,0.0,0.0,1574.6654505104605,0
AUS-PHX,30,-1.1333333333333333,-7.5,0.0,0.0,1400.5459045855764,0
AUS-SAN,7,-6.142857142857143,-11.0,0.0,0.0,1870.0214607795515,0
AUS-SEA,8,-8.285714285714286,-6.0,0.125,0.0,2847.3905467693276,0
AUS-SFO,36,1.5555555555555556,-6.0,0.0,0.0,2416.001540465319,0
AUS-SJC,15,-2.3333333333333335,-6.0,0.0,0.0,2371.3958617770923,0
AUS-SLC,7,-5.571428571428571,-8.0,0.0,0.0,1746.588114697339,0
AVL-ATL,36,0.29411764705882354,-5.0,0.05555555555555555,0.0,263.96976193505265,0
AVL-ORD,6,17.166666666666668,3.0,0.0,0.0,863.2285482851559,0
AVP-DTW,8,7.125,-4.0,0.0,0.0,639.4685254768907,0
AVP-ORD,6,-0.8,-5.0,0.16666666666666666,0.0,1013.5260415414759,0
AZO-DTW,9,-11.88888888888889,-17.0,0.0,0.0,181.43267910429182,0
AZO-ORD,17,-7.294117647058823,-9.0,0.0,0.0,196.11857643642267,0
BDL-ATL,36,-9.371428571428572,-13.0,0.0,0.027777777777777776,1381.9440149711472,0
BDL-BWI,38,10.789473684210526,-9.0,0.0,0.0,455.708775779187,0
BDL-CLT,20,1.8,-7.0,0.0,0.0,1035.6915456371664,0
BDL-DCA,6,-14.333333333333334,-17.5,0.0,0.0,503.64892908799544,0
BDL-DEN,9,-16.0,-17.0,0.0,0.0,2682.5028810435874,0
BDL-DFW,8,60.875,5.5,0.0,0.0,2363.168000176707,0
BDL-DTW,22,-1.8636363636363635,-8.5,0.0,0.0,880.2450704269901,0
BDL-EWR,13,-5.153846153846154,-10.0,0.0,0.0,185.99793522931193,0
BDL-FLL,17,6.411764705882353,-14.0,0.0,0.0,1891.8895557923902,0
BDL-IAD,8,1.8333333333333333,-7.0,0.25,0.0,523.2847271218562,0
BDL-LAS,7,-7.666666666666667,-13.0,0.14285714285714285,0.0,3688.3193520476925,0
BDL-MCO,31,-4.321428571428571,-10.5,0.06451612903225806,0.03225806451612903,1692.5530101001573,0
BDL-MDW,14,-0.7857142857142857,-3.5,0.0,0.0,1246.4223778057342,0
BDL-MIA,7,-5.285714285714286,-1.0,0.0,0.0,1925.7591870229674,0
BDL-MSP,13,26.307692307692307,-9.0,0.0,0.0,1685.8278589473591,0
BDL-ORD,27,2.36,-3.0,0.07407407407407407,0.0,1256.9433327796232,0
BDL-PBI,6,2.1666666666666665,1.0,0.0,0.0,1826.0103318098954,0
BDL-RSW,9,-19.444444444444443,-19.0,0.0,0.0,1902.1850077761164,0
BDL-SJU,15,14.466666666666667,3.0,0.0,0.0,2688.5659328201477,0
BDL-TPA,21,-1.0476190476190477,-2.0,0.0,0.0,1790.5380918940434,0
BET-ANC,11,-7.181818181818182,-7.0,0.0,0.0,639.4571497486662,0
BFL-DEN,12,11.166666666666666,-3.5,0.0,0.0,1357.1371838069065,0
BFL-IAH,6,-4.0,-6.0,0.0,0.0,2294.092800750568,0
BFL-PHX,18,-2.0,-8.5,0.0,0.0,683.411109466653,0
BFL-SFO,13,1.2307692307692308,-10.0,0.0,0.0,383.29836856508075,0
BGR-DTW,5,-2.4,-1.0,0.0,0.0,1204.2508456154317,0
BHM-ATL,52,-2.4705882352941178,-11.0,0.019230769230769232,0.0,215.6462060351932,0
BHM-BWI,9,27.88888888888889,10.0,0.0,0.0,1096.549852118412,0
BHM-DAL,15,-3.6666666666666665,-5.0,0.0,0.0,942.5119437521545,0
BHM-DEN,5,19.2,8.0,0.0,0.0,1739.414539237905,0
BHM-DFW,6,-2.0,-10.5,0.0,0.0,958.9829656652759,0
BHM-DTW,5,5.4,1.0,0.0,0.0,1006.8397584704556,0
BHM-HOU,16,15.0625,-5.0,0.0,0.0,916.9200549163486,0
BHM-IAH,30,-2.3666666666666667,-7.0,0.0,0.0,903.7116083826411,0
BHM-LAS,6,-7.0,-8.0,0.0,0.0,2598.1643171409037,0
BHM-LGA,12,14.090909090909092,6.0,0.0,0.08333333333333333,1392.6298629349837,1
BHM-MCO,12,42.5,-7.5,0.0,0.0,770.7771102446019,0
BHM-MDW,10,-5.0,-9.5,0.0,0.0,918.5564895655959,0
BHM-MIA,11,-0.2727272727272727,-4.0,0.0,0.0,1065.353196410815,0
BHM-ORD,14,4.153846153846154,-3.0,0.07142857142857142,0.0,941.3136698154042,0
BHM-TPA,17,-4.882352941176471,-11.0,0.0,0.0,740.4804722484455,0
BIL-DEN,19,-3.526315789473684,-15.0,0.0,0.0,732.9164293690048,0
BIL-MSP,8,-10.125,-10.0,0.0,0.0,1200.338450415524,0
BIL-SLC,24,-4.217391304347826,-7.0,0.041666666666666664,0.0,623.3575741488568,0
BIS-DEN,13,-6.923076923076923,-9.0,0.0,0.0,831.5479665223528,0
BIS-MSP,27,8.11111111111111,-1.0,0.0,0.0,619.956009686342,0
BIS-ORD,6,14.0,-4.5,0.0,0.0,1149.5612410230403,0
BJI-MSP,6,-10.666666666666666,-10.5,0.0,0.0,320.7755528510332,0
BLI-SEA,7,-0.14285714285714285,-3.0,0.0,0.0,150.37746134008742,0
BMI-ATL,18,10.352941176470589,2.0,0.05555555555555555,0.0,858.0126216907798,0
BMI-DFW,11,15.0,-5.0,0.0,0.0,1110.3345227536925,0
BMI-ORD,11,-9.6,-18.0,0.09090909090909091,0.0,187.17179731565523,0
BNA-ATL,52,-0.27450980392156865,-7.0,0.0,0.019230769230769232,344.15672844702124,0
BNA-AUS,11,23.90909090909091,2.0,0.0,0.0,1215.9726725828475,0
BNA-BOS,7,4.333333333333333,1.5,0.14285714285714285,0.0,1514.2979487880534,0
BNA-BWI,34,14.333333333333334,-4.0,0.029411764705882353,0.0,943.6528266887243,0
BNA-CHS,6,-6.833333333333333,-7.5,0.0,0.0,705.8184935875883,0
BNA-CLE,12,-3.5,-7.5,0.0,0.0,721.3818874213861,0
BNA-CLT,28,1.5925925925925926,-2.0,0.03571428571428571,0.0,527.7856289878663,0
BNA-CMH,10,22.8,7.5,0.0,0.0,543.383839077647,0
BNA-DAL,16,2.25,-11.5,0.0,0.0,1000.4842512897292,0
BNA-DCA,16,-1.7857142857142858,-6.5,0.125,0.0,902.4805979275008,0
BNA-DEN,29,-6.931034482758621,-6.0,0.0,0.0,1627.0235395605037,0
BNA-DFW,44,-2.9767441860465116,-3.0,0.022727272727272728,0.0,1014.1185883732608,0
BNA-DTW,41,6.463414634146342,-6.0,0.0,0.0,735.0801467533863,0
BNA-EWR,32,9.233333333333333,-3.0,0.0625,0.0,1201.011952707256,0
BNA-FLL,12,4.583333333333333,-0.5,0.0,0.0,1277.944368068923,0
BNA-HOU,28,-5.607142857142857,-7.0,0.0,0.0,1078.0126586914912,0
BNA-IAH,26,5.230769230769231,-5.5,0.0,0.0,1056.7010781315184,0
BNA-JAX,16,9.0,0.5,0.0,0.0,778.8350002537464,0
BNA-JFK,9,53.888888888888886,16.0,0.0,0.0,1229.7564334038436,0
BNA-LAS,8,-12.25,-14.0,0.0,0.0,2548.888892358121,0
BNA-LAX,34,-5.117647058823529,-11.0,0.0,0.0,2886.3266623773666,0
BNA-LGA,34,43.12903225806452,3.0,0.08823529411764706,0.0,1227.6762995230367,0
BNA-MCI,29,3.4482758620689653,-4.0,0.0,0.0,789.6244850518931,0
BNA-MCO,24,0.17391304347826086,-4.0,0.041666666666666664,0.0,992.7115332776679,0
BNA-MDW,35,21.515151515151516,-6.0,0.05714285714285714,0.0,636.3297512066963,0
BNA-MSP,14,-7.285714285714286,-7.5,0.0,0.0,1118.7320106280367,0
BNA-MSY,16,1.875,-3.0,0.0,0.0,758.8328291580997,0
BNA-OAK,5,-6.8,0.0,0.0,0.0,3145.555661114607,0
BNA-ORD,60,-0.43859649122807015,-7.0,0.05,0.0,659.5924973565045,0
BNA-PHL,13,9.461538461538462,5.0,0.0,0.0,1084.2981331515741,0
BNA-PHX,6,-13.666666666666666,-13.0,0.0,0.0,2325.9793100624556,0
BNA-PIT,5,23.4,0.0,0.0,0.0,742.6262299786097,0
BNA-PNS,10,1.6,-6.0,0.0,0.0,630.1580586847018,0
BNA-RDU,19,6.944444444444445,1.0,0.0,0.05263157894736842,710.1627185042321,1
BNA-SAT,6,-7.333333333333333,-10.5,0.0,0.0,1321.623969297434,0
BNA-STL,8,12.125,-8.5,0.0,0.0,436.68230790201216,0
BNA-TPA,23,8.272727272727273,-3.5,0.043478260869565216,0.0,986.4561725194397,0
BOI-DEN,33,14.90625,-2.5,0.0,0.030303030303030304,1042.8086015605747,0
BOI-GEG,15,0.26666666666666666,-5.0,0.0,0.0,462.31740213291516,0
BOI-IAH,11,14.545454545454545,-9.0,0.0,0.0,2384.0921027095096,0
BOI-LAS,14,0.9285714285714286,-4.5,0.0,0.0,837.1759078572833,0
BOI-LAX,14,11.285714285714286,1.5,0.0,0.0,1086.443480403276,0
BOI-MSP,10,8.5,2.0,0.0,0.0,1832.9157380107176,0
BOI-OAK,10,1.2,-15.0,0.0,0.0,823.0647860070615,0
BOI-ORD,11,-2.8181818181818183,-8.0,0.0,0.0,2306.951352386814,0
BOI-PHX,17,-0.17647058823529413,-5.0,0.0,0.0,1184.2041107306904,0
BOI-SAN,5,-6.4,-4.0,0.0,0.0,1207.2778211150855,0
BOI-SEA,24,19.291666666666668,-2.0,0.0,0.0,641.1582779986129,0
BOI-SFO,23,18.17391304347826,2.0,0.0,0.0,840.2469736042236,0
BOI-SLC,25,-2.44,-4.0,0.0,0.0,466.4143025406505,0
BOS-ATL,69,6.0,-3.5,0.014492753623188406,0.0,1521.1942309297103,0
BOS-AUS,11,-7.181818181818182,-12.0,0.0,0.0,2729.698535842252,0
BOS-BNA,10,0.3333333333333333,-13.0,0.1,0.0,1514.2979487880534,0
BOS-BUF,27,4.0,2.5,0.037037037037037035,0.0,634.9347467320882,0
BOS-BWI,87,-0.11627906976744186,-8.5,0.011494252873563218,0.0,594.0523255880727,0
BOS-CAK,8,-0.8571428571428571,-5.0,0.125,0.0,881.5532902072409,0
BOS-CHS,10,0.9,0.0,0.0,0.0,1317.7293053296464,0
BOS-CLE,28,7.851851851851852,-11.0,0.03571428571428571,0.0,903.2910568317791,0
BOS-CLT,68,-0.4696969696969697,-5.0,0.029411764705882353,0.0,1170.6813152144769,0
BOS-CVG,6,4.166666666666667,0.0,0.0,0.0,1207.2851774559883,0
BOS-DCA,133,0.609375,-8.0,0.03759398496240601,0.0,641.4808160577203,0
BOS-DEN,41,-1.7073170731707317,-2.0,0.0,0.0,2815.3477508982855,0
BOS-DFW,53,-5.04,-6.5,0.05660377358490566,0.0,2509.259625730253,0
BOS-DTW,65,-1.1692307692307693,-9.0,0.0,0.0,1014.6217962070521,0
BOS-EWR,87,5.2439024390243905,-6.0,0.05747126436781609,0.0,322.30816782163953,0
BOS-FLL,29,6.551724137931035,3.0,0.0,0.0,1994.3125287319942,0
BOS-HOU,21,-6.157894736842105,-20.0,0.09523809523809523,0.0,2586.9162860146103,0
BOS-IAD,33,18.933333333333334,-10.5,0.09090909090909091,0.0,663.5527367912148,0
BOS-IAH,37,-7.27027027027027,-10.0,0.0,0.0,2567.7993009879588,0
BOS-IND,5,-5.0,-17.0,0.0,0.0,1313.6511320267896,0
BOS-JAX,10,-6.4,-7.0,0.0,0.0,1626.669972000433,0
BOS-JFK,79,14.705128205128204,-2.0,0.012658227848101266,0.0,300.1885696065642,0
BOS-LAS,28,5.107142857142857,-1.5,0.0,0.0,3822.687457652798,0
BOS-LAX,61,-3.933333333333333,-9.0,0.01639344262295082,0.0,4193.034682371208,0
BOS-LGA,109,7.34,-2.5,0.08256880733944955,0.0,296.6949245054596,0
BOS-MCI,14,-2.75,-4.5,0.14285714285714285,0.0,2016.852218103386,0
BOS-MCO,44,14.5,-2.0,0.0,0.0,1806.3553775176777,0
BOS-MDW,21,11.285714285714286,0.0,0.0,0.0,1381.5130268656949,0
BOS-MIA,49,-0.6382978723404256,-3.0,0.04081632653061224,0.0,2028.2805274157106,0
BOS-MKE,11,8.7,1.5,0.09090909090909091,0.0,1380.5217202162275,0
BOS-MSP,34,8.588235294117647,-7.0,0.0,0.0,1803.843949617016,0
BOS-MSY,5,13.8,0.0,0.0,0.0,2199.5749553019905,0
BOS-MYR,5,-8.8,-13.0,0.0,0.0,1187.992694757864,0
BOS-ORD,113,9.018518518518519,-1.5,0.04424778761061947,0.0,1391.037571902572,0
BOS-PBI,31,7.67741935483871,-5.0,0.0,0.0,1929.4919846055498,0
BOS-PDX,8,-10.0,-9.5,0.0,0.0,4072.281076291569,0
BOS-PHL,98,1.6041666666666667,-8.0,0.02040816326530612,0.0,450.1460867894529,0
BOS-PHX,27,-4.962962962962963,-9.0,0.0,0.0,3693.460580724983,0
BOS-PIT,22,2.1,-7.5,0.09090909090909091,0.0,796.5637261692654,0
BOS-RDU,31,6.896551724137931,-9.0,0.06451612903225806,0.0,984.5092748114472,0
BOS-RIC,42,10.833333333333334,-3.5,0.0,0.0,762.3241132695955,0
BOS-RSW,21,-6.7,-11.5,0.047619047619047616,0.0,2013.298046643809,0
BOS-SAN,20,-8.5,-10.5,0.0,0.0,4155.870978462521,0
BOS-SEA,26,-0.3076923076923077,-3.0,0.0,0.0,4005.5315492068735,0
BOS-SFO,56,-2.759259259259259,-6.5,0.017857142857142856,0.017857142857142856,4341.229527452348,0
BOS-SJU,19,15.0,13.0,0.0,0.0,2701.9833104440663,0
BOS-SLC,8,3.875,-2.0,0.0,0.0,3379.536817388153,0
BOS-STL,8,-10.125,-13.0,0.0,0.0,1679.8176363433577,0
BOS-TPA,26,9.76923076923077,-4.0,0.0,0.0,1908.4683575569775,0
BPT-DFW,15,4.285714285714286,-8.0,0.06666666666666667,0.0,434.88771205310996,0
BQK-ATL,16,0.625,-7.0,0.0,0.0,383.7522132371663,0
BQN-EWR,8,4.875,-2.5,0.0,0.0,2558.112906444246,0
BQN-JFK,7,-11.714285714285714,-25.0,0.0,0.0,2542.9672557690037,0
BQN-MCO,7,-7.428571428571429,-6.0,0.0,0.0,1817.75060010774,0
BRD-MSP,13,-3.4615384615384617,-7.0,0.0,0.0,183.25794332157005,0
BRO-DFW,21,-4.25,-7.5,0.047619047619047616,0.0,778.0639745019233,0
BRO-IAH,23,-6.681818181818182,-6.5,0.043478260869565216,0.0,497.13155899252337,0
BRW-ANC,9,-17.333333333333332,-18.0,0.0,0.0,1162.7967865618077,0
BRW-FAI,13,12.615384615384615,14.0,0.0,0.0,807.3625801176265,0
BTM-SLC,16,1.2666666666666666,-8.0,0.0625,0.0,576.0084666309018,0
BTR-ATL,38,5.945945945945946,-5.0,0.02631578947368421,0.0,721.2174949195326,0
BTR-DFW,36,13.657142857142857,1.0,0.027777777777777776,0.0,615.6359443143696,0
BTR-IAH,42,2.5121951219512195,-5.0,0.023809523809523808,0.0,407.0872224820478,0
BTV-DTW,9,1.25,0.5,0.1111111111111111,0.0,861.5224470748936,0
BTV-EWR,8,43.142857142857146,0.0,0.125,0.0,428.5503608833017,0
BTV-JFK,14,19.785714285714285,-12.0,0.0,0.0,429.33247929569654,0
BTV-ORD,7,31.0,2.0,0.0,0.0,1225.3013548117467,0
BUF-ATL,36,-11.333333333333334,-11.5,0.0,0.0,1146.6421991348034,0
BUF-BOS,19,10.555555555555555,-9.0,0.05263157894736842,0.0,634.9347467320882,0
BUF-BWI,35,5.852941176470588,-1.5,0.02857142857142857,0.0,452.97862513223055,0
BUF-CLT,23,5.913043478260869,-5.0,0.0,0.0,879.9966456550424,0
BUF-DTW,15,5.466666666666667,-10.0,0.0,0.0,386.54578414318934,0
BUF-EWR,8,3.5714285714285716,-14.0,0.125,0.0,453.225123461679,0
BUF-FLL,11,-6.7272727272727275,-9.0,0.0,0.0,1880.0617085733281,0
BUF-JFK,26,4.923076923076923,-11.0,0.0,0.0,483.6973775805176,0
BUF-LAS,5,-17.6,-16.0,0.0,0.0,3189.474844329969,0
BUF-LGA,7,-1.5714285714285714,-15.0,0.0,0.0,468.7457402313579,0
BUF-MCO,25,-3.72,-13.0,0.0,0.0,1630.1780958901516,0
BUF-MDW,20,2.95,-4.0,0.0,0.0,751.7598750046628,0
BUF-MSP,7,38.142857142857146,-3.0,0.0,0.0,1178.5470766538153,0
BUF-ORD,32,2.566666666666667,-2.5,0.0625,0.0,759.593243066921,0
BUF-PHX,5,-20.4,-27.0,0.0,0.0,3070.4049487767093,0
BUF-TPA,12,-11.666666666666666,-16.0,0.0,0.0,1698.7718471638875,0
BUR-DEN,28,-4.75,-5.5,0.0,0.0,1366.4384870982535,0
BUR-JFK,7,-3.857142857142857,-9.0,0.0,0.0,3958.3714759677287,0
BUR-LAS,43,2.186046511627907,-4.0,0.0,0.0,358.683432153272,0
BUR-OAK,72,10.279411764705882,-1.5,0.05555555555555555,0.0,523.4283002628097,0
BUR-PDX,19,0.21052631578947367,-10.0,0.0,0.0,1316.408830572975,0
BUR-PHX,32,-0.65625,-5.5,0.0,0.0,592.7250871573783,0
BUR-SEA,22,-6.136363636363637,-8.0,0.0,0.0,1509.6568146383586,0
BUR-SFO,31,20.03846153846154,-6.0,0.16129032258064516,0.0,524.5968387841469,0
BUR-SJC,33,9.21875,1.0,0.030303030303030304,0.0,476.67913780356633,0
BUR-SLC,24,-10.125,-10.0,0.0,0.0,923.2534855590435,0
BUR-SMF,34,6.676470588235294,-4.5,0.0,0.0,577.2889287421962,0
BWI-ABQ,11,10.818181818181818,0.0,0.0,0.0,2682.068253605852,0
BWI-ALB,28,7.703703703703703,1.0,0.03571428571428571,0.0,464.3689616040725,0
BWI-ATL,91,14.07865168539326,-9.0,0.02197802197802198,0.0,927.1717777387967,0
BWI-AUS,14,3.769230769230769,1.0,0.0,0.07142857142857142,2157.041402268566,1
BWI-BDL,41,27.205128205128204,5.0,0.04878048780487805,0.0,455.708775779187,0
BWI-BHM,13,10.384615384615385,-1.0,0.0,0.0,1096.549852118412,0
BWI-BNA,34,-0.8181818181818182,-4.0,0.029411764705882353,0.0,943.6528266887243,0
BWI-BOS,72,9.915492957746478,0.0,0.013888888888888888,0.0,594.0523255880727,0
BWI-BUF,29,21.03448275862069,0.0,0.0,0.0,452.97862513223055,0
BWI-CHS,21,13.80952380952381,4.0,0.0,0.0,760.8039239570132,0
BWI-CLE,13,6.615384615384615,1.0,0.0,0.0,504.7382902601124,0
BWI-CLT,49,8.9375,-3.0,0.02040816326530612,0.0,580.7147737395109,0
BWI-CMH,21,30.523809523809526,6.0,0.0,0.0,540.9975606070966,0
BWI-DAL,17,12.9375,0.0,0.058823529411764705,0.0,1941.7498820827138,0
BWI-DAY,10,1.0,1.0,0.1,0.0,652.358600878288,0
BWI-DEN,34,-0.35294117647058826,-7.0,0.0,0.0,2393.092776607362,0
BWI-DFW,25,-3.5833333333333335,-6.5,0.0,0.04,1954.7522602117765,0
BWI-DTW,48,11.0,0.0,0.020833333333333332,0.0,656.3973391997328,0
BWI-FLL,53,5.981132075471698,-5.0,0.0,0.0,1492.715349366366,0
BWI-FNT,10,12.4,8.0,0.0,0.0,727.1788038560461,0
BWI-GRR,16,13.0,-5.0,0.0,0.0,848.7340360162358,0
BWI-GSP,5,2.6,-4.0,0.0,0.0,684.7161009867666,0
BWI-HOU,13,1.4615384615384615,-8.0,0.0,0.0,2003.3253724907981,0
BWI-IAH,16,3.5625,-4.0,0.0,0.0,1985.9227526383736,0
BWI-IND,16,24.5625,9.5,0.0,0.0,828.3626916390657,0
BWI-ISP,23,14.476190476190476,-3.0,0.08695652173913043,0.0,353.29802279383773,0
BWI-JAX,19,27.36842105263158,5.0,0.0,0.0,1068.0387332340779,0
BWI-LAS,35,9.257142857142858,1.0,0.0,0.0,3381.1479230368336,0
BWI-LAX,19,5.052631578947368,-6.0,0.0,0.0,3739.926361637281,0
BWI-LIT,5,29.0,-4.0,0.0,0.0,1465.718496629132,0
BWI-MCI,15,9.928571428571429,0.5,0.06666666666666667,0.0,1551.663065835194,0
BWI-MCO,36,12.777777777777779,5.0,0.0,0.0,1269.2725473873822,0
BWI-MDW,40,13.0,-0.5,0.025,0.025,980.5538728081367,0
BWI-MHT,37,0.5945945945945946,-5.0,0.0,0.0,605.6671252710038,0
BWI-MIA,22,4.181818181818182,-1.5,0.0,0.0,1525.938762793182,0
BWI-MKE,18,2.5,-10.5,0.0,0.0,1029.502370997819,0
BWI-MSP,15,13.2,-10.0,0.0,0.0,1503.2187111566009,0
BWI-MSY,12,7.583333333333333,-3.5,0.0,0.0,1606.1732357882654,0
BWI-OAK,6,-6.833333333333333,-4.0,0.0,0.0,3928.057378271596,0
BWI-OKC,10,3.6,-5.0,0.0,0.0,1894.4651641612115,0
BWI-ORD,43,-12.075,-14.0,0.06976744186046512,0.0,997.9788490743327,0
BWI-ORF,19,16.77777777777778,2.0,0.05263157894736842,0.0,256.88761894969275,0
BWI-PBI,17,14.882352941176471,3.0,0.0,0.0,1425.10433370332,0
BWI-PHX,27,10.148148148148149,-10.0,0.0,0.0,3209.4110379998533,0
BWI-PIT,13,6.076923076923077,3.0,0.0,0.0,337.6938853313702,0
BWI-PVD,47,5.5,2.0,0.02127659574468085,0.0,526.0647960055667,0
BWI-PWM,7,8.285714285714286,-5.0,0.0,0.0,726.497153878032,0
BWI-RDU,40,7.871794871794871,0.0,0.025,0.0,411.53846485305274,0
BWI-ROC,16,4.4,1.0,0.0625,0.0,446.4722000914748,0
BWI-RSW,17,11.235294117647058,-5.0,0.0,0.0,1482.8589500845537,0
BWI-SAN,9,-8.11111111111111,-6.0,0.0,0.0,3685.589717833863,0
BWI-SAT,13,5.75,-8.5,0.07692307692307693,0.0,2261.971486053592,0
BWI-SDF,15,9.538461538461538,-3.0,0.13333333333333333,0.0,794.6623606249698,0
BWI-SEA,16,10.625,2.5,0.0,0.0,3748.1677692376034,0
BWI-SJU,12,21.916666666666668,-2.5,0.0,0.0,2524.50464337301,0
BWI-SLC,12,3.6666666666666665,-9.0,0.0,0.0,2993.481702984587,0
BWI-STL,18,-5.722222222222222,-7.0,0.0,0.0,1183.6450108536126,0
BWI-TPA,39,5.324324324324325,-1.0,0.05128205128205128,0.0,1357.913430874757,0
BZN-DEN,7,6.0,-1.0,0.0,0.0,843.7658145588084,0
BZN-MSP,12,-7.25,-10.0,0.0,0.0,1402.7205609618677,0
BZN-PDX,5,-1.8,-10.0,0.0,0.0,888.541891603498,0
BZN-SLC,22,-1.7727272727272727,-6.0,0.0,0.0,558.6910075091732,0
CAE-ATL,44,-2.75,-6.0,0.0,0.0,307.42680153883055,0
CAE-DFW,14,0.5,-8.5,0.0,0.0,1480.4073504685853,0
CAE-IAD,8,15.571428571428571,1.0,0.125,0.0,645.7743184515426,0
CAE-LGA,7,10.428571428571429,-6.0,0.0,0.0,993.438080557623,0
CAE-ORD,13,-0.8461538461538461,-8.0,0.0,0.0,1073.0516548598691,0
CAK-ATL,42,-11.951219512195122,-16.0,0.023809523809523808,0.0,850.8880935136682,0
CAK-DEN,9,-1.5555555555555556,-16.0,0.0,0.0,1964.7365593416555,0
CAK-LGA,8,21.625,3.5,0.0,0.0,636.725269061014,0
CAK-MCO,5,-10.8,-9.0,0.0,0.0,1388.585427846133,0
CAK-ORD,19,-0.47368421052631576,-4.0,0.0,0.0,551.2645240472697,0
CAK-TPA,7,15.0,1.0,0.0,0.0,1442.3921827424954,0
CDC-SLC,11,-3.8181818181818183,-6.0,0.0,0.0,356.605641856108,0
CDV-ANC,6,-10.166666666666666,-7.5,0.0,0.0,256.2957461452262,0
CDV-YAK,5,-21.8,-24.0,0.0,0.0,341.4851733368624,0
CHA-ATL,34,1.4411764705882353,-5.5,0.0,0.0,170.711462193071,0
CHA-DFW,9,-3.888888888888889,-2.0,0.0,0.0,1116.187842593448,0
CHA-DTW,8,7.75,6.0,0.0,0.0,814.068539509303,0
CHO-ATL,30,7.172413793103448,-6.0,0.03333333333333333,0.0,734.3928287706536,0
CHO-LGA,5,26.75,4.0,0.2,0.0,490.5037148020323,0
CHO-ORD,22,13.857142857142858,-6.0,0.045454545454545456,0.0,909.9956920510311,0
CHS-ATL,71,-2.4225352112676055,-7.0,0.0,0.0,416.02846448171414,0
CHS-BNA,6,12.0,-9.5,0.0,0.0,705.8184935875883,0
CHS-BWI,18,-0.8888888888888888,-7.0,0.0,0.0,760.8039239570132,0
CHS-CLT,5,-11.6,-14.0,0.0,0.0,270.54725667936816,0
CHS-DAL,6,-24.166666666666668,-29.5,0.0,0.0,1568.3459648967291,0
CHS-DCA,7,16.142857142857142,0.0,0.0,0.0,715.021843489316,0
CHS-EWR,28,10.538461538461538,-1.5,0.07142857142857142,0.0,1011.5375759684712,0
CHS-HOU,6,-10.5,-15.0,0.0,0.0,1491.225136515768,0
CHS-IAH,8,-1.5,2.5,0.0,0.0,1485.7967705094345,0
CHS-JFK,17,5.294117647058823,-2.0,0.0,0.0,1024.9976675628216,0
CHS-MDW,11,-9.090909090909092,-13.0,0.0,0.0,1199.3991561921623,0
CHS-ORD,21,-0.5238095238095238,0.0,0.0,0.0,1224.1683795633112,0
CID-ATL,22,5.761904761904762,-3.0,0.0,0.045454545454545456,1117.2045644836912,1
CID-DEN,18,-1.5555555555555556,-2.0,0.0,0.0,1111.291027387078,0
CID-DFW,15,6.785714285714286,-10.5,0.0,0.06666666666666667,1104.1287352291247,1
CID-DTW,17,9.4,-4.0,0.11764705882352941,0.0,691.1439117004805,0
CID-MSP,14,4.785714285714286,4.0,0.0,0.0,354.65478782640173,0
CID-ORD,53,7.208333333333333,-8.5,0.09433962264150944,0.0,315.0252759698313,0
CIU-DTW,11,-3.272727272727273,0.0,0.0,0.0,457.9029410540542,0
CLD-LAX,11,29.0,2.0,0.0,0.0,138.47440304657147,0
CLE-ATL,50,-7.1875,-12.5,0.0,0.04,893.3086066861251,0
CLE-BNA,11,11.636363636363637,11.0,0.0,0.0,721.381887421386,0
CLE-BOS,34,-6.647058823529412,-10.5,0.0,0.0,903.2910568317791,0
CLE-BWI,18,-1.1111111111111112,-2.5,0.0,0.0,504.73829026011236,0
CLE-CLT,13,-6.769230769230769,-11.0,0.0,0.0,693.5708107346577,0
CLE-DCA,24,-5.478260869565218,-8.0,0.041666666666666664,0.0,498.1621896900339,0
CLE-DEN,26,-0.8461538461538461,-6.5,0.0,0.0,1927.5402994363633,0
CLE-DFW,19,-0.2222222222222222,-7.0,0.05263157894736842,0.0,1641.718899122196,0
CLE-DTW,5,3.4,2.0,0.0,0.0,152.89986082609198,0
CLE-EWR,34,25.161290322580644,3.0,0.08823529411764706,0.0,648.7754598275574,0
CLE-FLL,8,-9.375,-10.5,0.0,0.0,1712.6411885216203,0
CLE-IAH,21,-6.809523809523809,-6.0,0.0,0.0,1756.3118665046673,0
CLE-JFK,9,30.375,6.5,0.1111111111111111,0.0,682.1650628941451,0
CLE-LAS,24,-11.708333333333334,-15.5,0.0,0.0,2929.4628441203827,0
CLE-LAX,11,34.4,1.0,0.0,0.09090909090909091,3296.4600973529964,1
CLE-LGA,54,14.68,-4.5,0.07407407407407407,0.0,671.9147763500383,0
CLE-MCO,20,19.85,2.0,0.0,0.0,1444.3427773425756,0
CLE-MDW,28,-4.925925925925926,-7.0,0.03571428571428571,0.0,492.5264579413307,0
CLE-MKE,17,-3.2941176470588234,-5.0,0.0,0.0,526.6163570753868,0
CLE-MSP,13,-6.769230769230769,-7.0,0.0,0.0,998.5636696923461,0
CLE-ORD,75,11.465753424657533,-4.0,0.02666666666666667,0.0,506.5945429653235,0
CLE-PHX,13,7.769230769230769,0.0,0.0,0.0,2790.4606022720595,0
CLE-RSW,9,6.333333333333333,3.0,0.0,0.0,1654.0159197692662,0
CLE-SFO,7,-16.142857142857142,-6.0,0.0,0.0,3469.976872494864,0
CLE-STL,10,5.6,0.5,0.0,0.0,781.8627796621853,0
CLE-TPA,6,22.833333333333332,10.0,0.0,0.0,1495.243574746252,0
CLL-DFW,21,-3.238095238095238,-11.0,0.0,0.0,264.3482779081089,0
CLL-IAH,14,-1.0,-7.0,0.07142857142857142,0.0,119.33925638672444,0
CLT-ALB,13,-1.9166666666666667,-7.0,0.07692307692307693,0.0,1039.6724394462512,0
CLT-ATL,95,0.08602150537634409,-6.0,0.021052631578947368,0.0,364.2657082589417,0
CLT-AUS,5,25.8,17.0,0.0,0.0,1659.0257027854775,0
CLT-BDL,34,-1.0,-6.0,0.0,0.0,1035.6915456371664,0
CLT-BNA,26,10.24,-2.0,0.038461538461538464,0.0,527.7856289878663,0
CLT-BOS,54,7.388888888888889,0.5,0.0,0.0,1170.6813152144769,0
CLT-BUF,17,11.882352941176471,-4.0,0.0,0.0,879.9966456550424,0
CLT-BWI,61,6.933333333333334,-1.5,0.01639344262295082,0.0,580.7147737395109,0
CLT-CLE,16,-5.0625,-8.5,0.0,0.0,693.5708107346577,0
CLT-DCA,47,2.0869565217391304,-0.5,0.02127659574468085,0.0,532.6346276458105,0
CLT-DEN,38,1.4864864864864864,-5.0,0.02631578947368421,0.0,2147.6499012289014,0
CLT-DFW,78,-1.025974025974026,-6.0,0.0,0.01282051282051282,1503.1551658499072,0
CLT-DTW,63,5.770491803278689,-6.0,0.031746031746031744,0.0,805.5559974573706,0
CLT-EWR,79,14.831168831168831,-3.0,0.02531645569620253,0.0,850.2898949564932,0
CLT-FLL,47,9.25531914893617,1.0,0.0,0.0,1019.2768732086349,0
CLT-HOU,6,-5.666666666666667,-8.0,0.0,0.0,1479.126042362649,0
CLT-IAH,56,6.277777777777778,1.0,0.03571428571428571,0.0,1466.9495657326067,0
CLT-ILM,6,-0.6666666666666666,0.5,0.0,0.0,296.94924117919317,0
CLT-IND,9,7.222222222222222,-8.0,0.0,0.0,688.0588841144524,0
CLT-JAX,41,13.125,-4.5,0.024390243902439025,0.0,529.4189013329672,0
CLT-JFK,53,9.12,-2.0,0.05660377358490566,0.0,870.5247124298045,0
CLT-LAS,25,2.92,-5.0,0.0,0.0,3076.609888322867,0
CLT-LAX,34,8.205882352941176,1.0,0.0,0.0,3412.536895559101,0
CLT-LGA,74,9.041666666666666,-1.5,0.02702702702702703,0.0,874.9312349692087,0
CLT-MCI,21,0.42857142857142855,-3.0,0.0,0.0,1298.9426779255634,0
CLT-MCO,43,11.976190476190476,3.5,0.0,0.023255813953488372,755.2910384725902,0
CLT-MDW,7,3.142857142857143,10.0,0.0,0.0,940.1451969211006,0
CLT-MEM,9,12.555555555555555,10.0,0.0,0.0,821.4722984428482,0
CLT-MIA,53,3.0377358490566038,-2.0,0.0,0.0,1049.3961335185663,0
CLT-MSP,36,9.083333333333334,-2.0,0.0,0.0,1495.676196254475,0
CLT-MSY,24,-0.08333333333333333,-7.0,0.0,0.0,1047.220322063622,0
CLT-ORD,79,4.468354430379747,-7.0,0.0,0.0,964.6416361123792,0
CLT-ORF,7,12.857142857142858,-2.0,0.0,0.0,465.36892357837627,0
CLT-PBI,36,10.666666666666666,-2.5,0.0,0.0,952.011163448046,0
CLT-PHL,70,7.188405797101449,1.0,0.014285714285714285,0.0,721.4756050797625,0
CLT-PHX,47,0.6808510638297872,-6.0,0.0,0.0,2848.026450027386,0
CLT-PIT,47,5.212765957446808,-2.0,0.0,0.0,590.1242661861764,0
CLT-PVD,20,1.15,-5.5,0.0,0.0,1098.8336590957435,0
CLT-RDU,35,1.5,-1.5,0.02857142857142857,0.0,208.5179578121921,0
CLT-RIC,20,7.15,0.5,0.0,0.0,412.47556420282126,0
CLT-ROC,6,-2.5,-5.0,0.0,0.0,922.8921618925305,0
CLT-RSW,26,1.1538461538461537,-0.5,0.0,0.0,968.026638903659,0
CLT-SAN,12,-11.416666666666666,-15.5,0.0,0.0,3335.3435237485915,0
CLT-SAT,5,-9.6,-15.0,0.0,0.0,1759.8735054540157,0
CLT-SEA,17,-5.352941176470588,-8.0,0.0,0.0,3660.4258415531604,0
CLT-SFO,37,5.945945945945946,-9.0,0.0,0.0,3686.9541397957396,0
CLT-SJU,17,7.647058823529412,-4.0,0.0,0.0,2376.2964809057826,0
CLT-SLC,10,-10.5,-10.5,0.0,0.0,2773.5719775291436,0
CLT-STL,13,-2.4615384615384617,1.0,0.0,0.0,923.5256366868992,0
CLT-STT,9,1.0,6.0,0.0,0.0,2449.3762423112785,0
CLT-SYR,8,15.75,17.0,0.0,0.0,971.667587534106,0
CLT-TPA,53,4.962264150943396,-3.0,0.0,0.0,818.8181876270368,0
CMH-ATL,68,-5.617647058823529,-8.5,0.0,0.0,719.9762418220371,0
CMH-BNA,12,-7.083333333333333,-5.5,0.0,0.0,543.383839077647,0
CMH-BWI,24,-2.5416666666666665,-9.0,0.0,0.0,540.9975606070966,0
CMH-DCA,5,-5.0,-10.0,0.0,0.0,518.6154800497179,0
CMH-DEN,14,-0.07142857142857142,-9.5,0.0,0.0,1852.1837713778448,0
CMH-DFW,27,9.592592592592593,-5.0,0.0,0.0,1488.6875694359037,0
CMH-EWR,11,5.5,-6.5,0.09090909090909091,0.0,742.9860904197161,0
CMH-FLL,9,12.11111111111111,-14.0,0.0,0.0,1569.1125110326582,0
CMH-IAH,14,20.384615384615383,0.0,0.07142857142857142,0.0,1586.466110483981,0
CMH-JFK,18,43.833333333333336,12.5,0.0,0.0,775.5423282902323,0
CMH-LAS,8,-1.75,2.5,0.0,0.0,2842.811318546959,0
CMH-LAX,14,6.285714285714286,0.0,0.0,0.0,3204.0723198935093,0
CMH-LGA,33,15.625,6.5,0.030303030303030304,0.0,768.4356432802367,0
CMH-MCO,20,-5.7,-13.0,0.0,0.0,1294.4943998262795,0
CMH-MDW,44,0.7954545454545454,-7.0,0.0,0.0,454.27402063419544,0
CMH-MIA,16,7.0625,-8.5,0.0,0.0,1597.8442321431744,0
CMH-MSP,15,-4.733333333333333,-6.0,0.0,0.0,1005.1055808913503,0
CMH-ORD,62,9.96551724137931,-6.0,0.06451612903225806,0.0,474.8226773569156,0
CMH-PHX,21,0.38095238095238093,-5.0,0.0,0.0,2682.5111553281167,0
CMH-RSW,8,-10.428571428571429,-15.0,0.0,0.125,1500.5727717420743,1
CMH-STL,12,5.583333333333333,-4.5,0.0,0.0,656.6058180382407,0
CMH-TPA,19,2.3684210526315788,-8.0,0.0,0.0,1337.2485313259942,0
CMI-ORD,27,-0.20833333333333334,-10.5,0.1111111111111111,0.0,218.02179546609844,0
CMX-ORD,6,-9.833333333333334,-11.0,0.0,0.0,578.8206780740879,0
CNY-SLC,5,-9.0,-21.0,0.0,0.0,295.30295435773485,0
COD-SLC,12,9.0,5.5,0.0,0.0,480.0704404006405,0
COS-DEN,39,4.342105263157895,-6.0,0.02564102564102564,0.0,117.07870806768555,0
COS-DFW,12,0.36363636363636365,-1.0,0.08333333333333333,0.0,952.6384676604201,0
COS-IAH,20,2.55,4.0,0.0,0.0,1302.5582747970604,0
COS-LAX,7,-1.7142857142857142,-7.0,0.0,0.0,1339.2852505222213,0
COS-ORD,16,12.0,-3.0,0.0625,0.0,1462.8879634629645,0
COS-SEA,9,-2.6666666666666665,-7.0,0.0,0.0,1715.8730921213546,0
COS-SLC,8,-8.0,-9.0,0.0,0.0,659.4141774938699,0
COU-DFW,10,4.333333333333333,-4.0,0.1,0.0,788.4598996966923,0
COU-ORD,12,-11.6,-10.5,0.08333333333333333,0.08333333333333333,506.9265775462566,1
CPR-DEN,10,7.5,8.0,0.0,0.0,370.7904483862229,0
CPR-SLC,11,-10.090909090909092,-10.0,0.0,0.0,513.7733392208902,0
CRP-DFW,25,25.84,10.0,0.0,0.0,571.6744518818867,0
CRP-HOU,15,3.466666666666667,-3.0,0.0,0.0,300.7267860527948,0
CRP-IAH,46,17.022727272727273,-8.0,0.021739130434782608,0.021739130434782608,323.54084765987466,0
CRW-ATL,19,10.11111111111111,1.0,0.05263157894736842,0.0,584.6499528876948,0
CRW-DFW,5,14.8,21.0,0.0,0.0,1520.2621394659063,0
CRW-ORD,12,49.833333333333336,7.0,0.0,0.0,669.2624858634641,0
CSG-ATL,21,11.904761904761905,2.0,0.0,0.0,133.78593362573622,0
CVG-ATL,45,-2.2444444444444445,-8.0,0.0,0.0,601.4548143875987,0
CVG-DEN,20,24.35,-10.5,0.0,0.0,1716.3952470284996,0
CVG-DFW,38,0.1891891891891892,-11.0,0.02631578947368421,0.0,1305.047212417235,0
CVG-DTW,5,-1.6,3.0,0.0,0.0,369.05510068908626,0
CVG-EWR,36,12.125,-1.0,0.1111111111111111,0.0,913.4696097018846,0
CVG-FLL,17,-3.764705882352941,-9.0,0.0,0.0,1502.6494780368837,0
CVG-IAH,23,24.347826086956523,5.0,0.0,0.0,1402.6971455578832,0
CVG-JFK,7,9.285714285714286,-8.0,0.0,0.0,945.2568146621423,0
CVG-LAS,13,34.15384615384615,5.0,0.0,0.0,2694.9004607941747,0
CVG-LAX,12,-9.583333333333334,-13.0,0.0,0.0,3051.418265940572,0
CVG-MCO,11,-9.363636363636363,-12.0,0.0,0.0,1220.1908314576167,0
CVG-MIA,6,11.166666666666666,1.0,0.0,0.0,1529.1654780806718,0
CVG-MKE,8,-9.0,-8.0,0.0,0.0,511.6114646986255,0
CVG-ORD,67,4.2,-10.0,0.029850746268656716,0.0,425.98560450001247,0
CVG-RSW,11,17.818181818181817,-6.0,0.0,0.0,1417.1032465972337,0
CVG-SLC,5,0.8,-6.0,0.0,0.0,2328.1656042593,0
CVG-XNA,5,-0.25,0.0,0.2,0.0,902.3104380592629,0
CWA-ORD,17,-2.2941176470588234,-3.0,0.0,0.0,342.1549947710185,0
DAB-ATL,19,-2.5,-11.0,0.0,0.05263157894736842,589.9989373427628,1
DAL-ABQ,33,9.212121212121213,5.0,0.0,0.0,932.0788737591964,0
DAL-AMA,17,10.294117647058824,0.0,0.0,0.0,519.1894481884887,0
DAL-ATL,35,-4.4,-9.0,0.0,0.0,1158.1377045340887,0
DAL-AUS,61,19.233333333333334,-1.5,0.01639344262295082,0.0,304.9731571195903,0
DAL-BHM,14,13.357142857142858,0.5,0.0,0.0,942.5119437521544,0
DAL-BNA,16,19.0,9.0,0.0,0.0625,1000.4842512897292,1
DAL-BWI,13,-2.5833333333333335,-2.5,0.07692307692307693,0.0,1941.7498820827136,0
DAL-CMH,9,22.88888888888889,0.0,0.0,0.0,1477.9391134392354,0
DAL-DCA,42,1.0952380952380953,-5.5,0.0,0.0,1901.7336263865352,0
DAL-DEN,30,8.133333333333333,-2.5,0.0,0.0,1046.7950886139529,0
DAL-ELP,21,8.80952380952381,-1.0,0.0,0.0,902.201611440784,0
DAL-FLL,17,18.705882352941178,-2.0,0.0,0.0,1780.6966127287358,0
DAL-HOU,120,8.330434782608696,-1.0,0.041666666666666664,0.0,386.12169803190324,0
DAL-IAH,15,1.5714285714285714,-1.0,0.06666666666666667,0.0,349.5493654344419,0
DAL-ICT,14,17.428571428571427,2.0,0.0,0.0,536.6509942711563,0
DAL-LAS,26,-3.72,-3.0,0.038461538461538464,0.0,1713.0810890351868,0
DAL-LAX,58,5.844827586206897,1.5,0.0,0.0,2001.2393904984651,0
DAL-LBB,20,2.0526315789473686,0.0,0.05,0.0,471.01082664767216,0
DAL-LGA,44,12.931818181818182,5.0,0.0,0.0,2219.0287876257207,0
DAL-LIT,11,-4.636363636363637,-8.0,0.0,0.0,476.0460967163932,0
DAL-MAF,18,1.3333333333333333,-2.0,0.0,0.0,512.2353777609266,0
DAL-MCI,37,1.6486486486486487,-2.0,0.0,0.0,742.4836947122149,0
DAL-MCO,11,17.818181818181817,-6.0,0.0,0.0,1563.5846421442511,0
DAL-MDW,34,5.0588235294117645,-3.0,0.0,0.0,1277.2462214503344,0
DAL-MEM,8,25.75,-2.0,0.0,0.0,679.3528851383805,0
DAL-MSY,45,5.466666666666667,-2.0,0.0,0.0,701.3402260195236,0
DAL-OAK,12,-5.583333333333333,-0.5,0.0,0.0,2357.7300316907604,0
DAL-OKC,14,3.0,2.5,0.0,0.0,291.37118461884995,0
DAL-PHX,28,3.642857142857143,-2.5,0.0,0.0,1411.4171823827849,0
DAL-SAN,10,-6.9,-13.0,0.0,0.0,1898.2120306503762,0
DAL-SAT,53,9.30188679245283,-3.0,0.0,0.0,399.27198254290744,0
DAL-SFO,22,24.0,-0.5,0.0,0.0,2370.1590741538685,0
DAL-SJC,5,3.0,8.0,0.0,0.0,2328.4480824319767,0
DAL-SNA,13,2.3846153846153846,0.0,0.0,0.0,1952.8918204913919,0
DAL-STL,42,4.097560975609756,0.0,0.023809523809523808,0.0,878.8519511754473,0
DAL-TPA,8,21.25,0.5,0.0,0.0,1474.441580826702,0
DAL-TUL,18,12.166666666666666,4.0,0.0,0.0,382.9484121080484,0
DAY-ATL,27,-8.481481481481481,-13.0,0.0,0.0,696.540693761032,0
DAY-BWI,13,13.538461538461538,1.0,0.0,0.0,652.3586008782879,0
DAY-DEN,9,-16.25,-13.5,0.1111111111111111,0.0,1740.95449548166,0
DAY-DFW,21,-5.904761904761905,-12.0,0.0,0.0,1384.4835436008907,0
DAY-DTW,5,29.8,2.0,0.0,0.0,266.9913322017919,0
DAY-EWR,11,-2.3636363636363638,-11.0,0.0,0.0,856.4212732508399,0
DAY-LGA,6,0.5,-11.0,0.3333333333333333,0.0,881.7943047193165,0
DAY-MCO,9,-14.666666666666666,-17.0,0.0,0.0,1303.2382493065702,0
DAY-MSP,9,-9.777777777777779,-11.0,0.0,0.0,922.3289603994793,0
DAY-ORD,55,7.660377358490566,-4.0,0.03636363636363636,0.0,386.1468327863772,0
DBQ-ORD,12,-11.5,-12.0,0.0,0.0,235.8009004352192,0
DCA-ATL,115,-0.21238938053097345,-9.0,0.017391304347826087,0.0,879.7268814968404,0
DCA-BDL,12,-7.833333333333333,-8.5,0.0,0.0,503.64892908799544,0
DCA-BNA,23,-6.782608695652174,-13.0,0.0,0.0,902.4805979275008,0
DCA-BOS,143,7.467153284671533,-4.0,0.04195804195804196,0.0,641.4808160577203,0
DCA-CAK,6,20.666666666666668,4.5,0.0,0.0,440.29495962202674,0
DCA-CHS,12,2.0833333333333335,-10.0,0.0,0.0,715.021843489316,0
DCA-CLE,29,16.964285714285715,2.5,0.034482758620689655,0.0,498.16218969003387,0
DCA-CLT,44,-1.0975609756097562,-4.0,0.06818181818181818,0.0,532.6346276458105,0
DCA-CMH,6,5.333333333333333,3.5,0.0,0.0,518.6154800497179,0
DCA-DAL,56,-4.872727272727273,-12.0,0.0,0.017857142857142856,1901.7336263865352,0
DCA-DEN,19,7.7894736842105265,-5.0,0.0,0.0,2368.7198450822866,0
DCA-DFW,48,1.6595744680851063,-8.0,0.020833333333333332,0.0,1914.913326470155,0
DCA-DTW,29,-7.428571428571429,-8.5,0.034482758620689655,0.0,650.9138794852782,0
DCA-EWR,19,8.764705882352942,-2.0,0.10526315789473684,0.0,319.3459977669078,0
DCA-FLL,41,4.073170731707317,-6.0,0.0,0.0,1450.4842560418535,0
DCA-HOU,18,-9.352941176470589,-10.0,0.05555555555555555,0.0,1958.8306470463244,0
DCA-IAH,26,10.346153846153847,-2.0,0.0,0.0,1941.7495380216076,0
DCA-IND,15,-4.133333333333334,-6.0,0.0,0.0,802.1032925750526,0
DCA-JAX,14,11.857142857142858,-9.5,0.0,0.0,1021.6396219745387,0
DCA-JFK,18,1.1764705882352942,-5.0,0.05555555555555555,0.0,342.21584145139155,0
DCA-LAS,6,11.5,-12.5,0.0,0.0,3353.5945739487124,0
DCA-LAX,17,-10.764705882352942,-19.0,0.0,0.0,3710.9016681395433,0
DCA-LGA,61,11.4,-8.0,0.08196721311475409,0.01639344262295082,344.78607921003834,0
DCA-MCI,9,1.875,-6.0,0.1111111111111111,0.0,1524.2422241836666,0
DCA-MCO,60,-0.9661016949152542,-9.0,0.0,0.016666666666666666,1224.3870989017084,0
DCA-MDW,48,1.7727272727272727,-10.0,0.08333333333333333,0.0,964.3888745420976,0
DCA-MIA,45,8.046511627906977,0.0,0.044444444444444446,0.0,1483.5930326355008,0
DCA-MKE,18,12.0625,-7.0,0.1111111111111111,0.0,1018.8604894197924,0
DCA-MSP,29,-7.482758620689655,-9.0,0.0,0.0,1494.428658454747,0
DCA-MSY,13,-2.3076923076923075,-10.0,0.0,0.0,1559.3511830498358,0
DCA-ORD,104,10.06060606060606,-5.0,0.04807692307692308,0.0,982.6239512602758,0
DCA-PBI,18,2.5555555555555554,-2.5,0.0,0.0,1382.7470328794939,0
DCA-PHX,15,6.6,-3.0,0.0,0.0,3177.380710749862,0
DCA-RSW,10,33.2,2.5,0.0,0.0,1438.2635815080846,0
DCA-SEA,12,-4.166666666666667,-5.0,0.0,0.0,3738.1656890179506,0
DCA-SFO,13,1.6153846153846154,-9.0,0.0,0.0,3920.9338977507587,0
DCA-STL,17,1.0588235294117647,-11.0,0.0,0.0,1153.522569596632,0
DCA-TPA,45,4.8604651162790695,-5.0,0.044444444444444446,0.0,1311.87483918007,0
DEN-ABQ,24,7.791666666666667,-2.0,0.0,0.0,562.4795299941568,0
DEN-AMA,9,20.0,9.0,0.0,0.0,578.0506450907733,0
DEN-ANC,7,-7.166666666666667,-9.5,0.0,0.14285714285714285,3863.6587630134895,1
DEN-ASE,17,10.357142857142858,5.5,0.17647058823529413,0.0,201.5828499338653,0
DEN-ATL,84,-0.7710843373493976,-6.0,0.0,0.011904761904761904,1925.93791433315,0
DEN-AUS,51,13.823529411764707,0.0,0.0,0.0,1248.236840186592,0
DEN-BDL,6,-8.166666666666666,-8.0,0.0,0.0,2682.5028810435874,0
DEN-BFL,15,18.266666666666666,9.0,0.0,0.0,1357.1371838069065,0
DEN-BIL,28,8.25,1.0,0.0,0.0,732.9164293690048,0
DEN-BIS,28,2.2962962962962963,-5.0,0.03571428571428571,0.0,831.5479665223528,0
DEN-BNA,48,1.4042553191489362,-2.0,0.020833333333333332,0.0,1627.0235395605039,0
DEN-BOI,37,0.8378378378378378,-10.0,0.0,0.0,1042.8086015605747,0
DEN-BOS,42,12.238095238095237,-3.5,0.0,0.0,2815.3477508982855,0
DEN-BUR,19,12.578947368421053,2.0,0.0,0.0,1366.4384870982535,0
DEN-BWI,42,2.880952380952381,-4.0,0.0,0.0,2393.092776607362,0
DEN-BZN,15,12.266666666666667,-7.0,0.0,0.0,843.7658145588084,0
DEN-CAK,6,-4.166666666666667,-8.5,0.0,0.0,1964.7365593416555,0
DEN-CID,10,23.8,3.5,0.0,0.0,1111.291027387078,0
DEN-CLE,37,7.27027027027027,-7.0,0.0,0.0,1927.5402994363635,0
DEN-CLT,27,2.888888888888889,-9.0,0.0,0.0,2147.6499012289014,0
DEN-CMH,14,6.5,-1.5,0.0,0.0,1852.1837713778448,0
DEN-COD,5,24.8,-1.0,0.0,0.0,630.295060457331,0
DEN-COS,38,20.37837837837838,6.0,0.02631578947368421,0.0,117.07870806768555,0
DEN-CPR,16,20.4375,3.0,0.0,0.0,370.7904483862229,0
DEN-CVG,15,8.2,3.0,0.0,0.0,1716.3952470284996,0
DEN-DAL,27,0.9629629629629629,-7.0,0.0,0.0,1046.7950886139529,0
DEN-DAY,12,2.6666666666666665,6.0,0.0,0.0,1740.95449548166,0
DEN-DCA,24,-6.782608695652174,-8.0,0.041666666666666664,0.0,2368.7198450822866,0
DEN-DFW,96,13.763440860215054,0.0,0.020833333333333332,0.010416666666666666,1031.600597785448,0
DEN-DIK,9,-9.166666666666666,-11.0,0.2222222222222222,0.1111111111111111,786.1234767352885,1
DEN-DRO,10,-8.333333333333334,-7.0,0.0,0.1,403.3558736891773,1
DEN-DSM,15,1.9333333333333333,-2.0,0.0,0.0,945.7278867918325,0
DEN-DTW,42,12.285714285714286,-3.0,0.0,0.0,1802.2741078779893,0
DEN-ELP,21,13.714285714285714,2.0,0.0,0.0,908.4437022513574,0
DEN-EUG,17,13.375,1.0,0.058823529411764705,0.0,1600.8441528394019,0
DEN-EWR,37,23.13888888888889,1.5,0.02702702702702703,0.0,2575.9852338335536,0
DEN-FAR,16,1.6875,-2.5,0.0,0.0,1008.3901782994806,0
DEN-FAT,10,0.0,2.0,0.0,0.0,1355.2360901325812,0
DEN-FCA,18,25.352941176470587,7.0,0.05555555555555555,0.0,1210.4648927614235,0
DEN-FLL,14,10.428571428571429,-4.5,0.0,0.0,2738.4094257285337,0
DEN-FSD,21,8.380952380952381,-4.0,0.0,0.0,776.6711523284467,0
DEN-GCC,9,-3.7777777777777777,-13.0,0.0,0.0,504.4705245511203,0
DEN-GEG,13,12.692307692307692,10.0,0.0,0.0,1343.5292890141961,0
DEN-GJT,11,13.545454545454545,1.0,0.0,0.0,341.1431283706827,0
DEN-GRR,11,-4.545454545454546,-8.0,0.0,0.0,1628.7076378407507,0
DEN-GSO,6,52.333333333333336,17.0,0.0,0.0,2200.0935072811526,0
DEN-GTF,13,10.923076923076923,-5.0,0.0,0.0,1003.7707868021843,0
DEN-GUC,5,8.6,10.0,0.0,0.0,244.57934502872186,0
DEN-HLN,5,9.2,-9.0,0.0,0.0,955.3246728887176,0
DEN-HOU,38,5.2631578947368425,-2.5,0.0,0.0,1421.272223490078,0
DEN-HSV,5,18.6,13.0,0.0,0.0,1683.119718446514,0
DEN-HYS,11,-9.454545454545455,-9.0,0.0,0.0,477.1192651056163,0
DEN-IAD,44,5.761904761904762,-2.5,0.022727272727272728,0.022727272727272728,2331.2237788738266,0
DEN-IAH,86,10.493975903614459,2.0,0.023255813953488372,0.011627906976744186,1387.3341244956482,0
DEN-ICT,9,1.5,-3.5,0.1111111111111111,0.0,673.3818747401295,0
DEN-IDA,16,-0.0625,-3.0,0.0,0.0,736.5733137168917,0
DEN-IND,37,-2.3783783783783785,-6.0,0.0,0.0,1567.1431564042764,0
DEN-ISN,11,-1.3636363636363635,-10.0,0.0,0.0,928.686572740577,0
DEN-JAC,20,-5.0,-5.0,0.0,0.0,653.5470762929268,0
DEN-JAX,6,-0.8333333333333334,-3.5,0.0,0.0,2324.3159437506306,0
DEN-JFK,14,10.153846153846153,-6.0,0.07142857142857142,0.0,2609.3555529707032,0
DEN-JMS,6,27.0,3.0,0.0,0.0,922.6118024262959,0
DEN-LAR,7,-18.428571428571427,-20.0,0.0,0.0,182.67682200902155,0
DEN-LAS,115,5.451327433628318,-4.0,0.017391304347826087,0.0,1009.7216283059809,0
DEN-LAX,115,11.789473684210526,3.0,0.008695652173913044,0.0,1385.4610508382416,0
DEN-LBB,13,18.76923076923077,13.0,0.0,0.0,733.8304350917008,0
DEN-LFT,5,18.8,-14.0,0.0,0.0,1573.307016902505,0
DEN-LGA,59,-0.2807017543859649,-11.0,0.01694915254237288,0.01694915254237288,2599.3856158945578,0
DEN-LIT,7,7.571428571428571,-1.0,0.0,0.0,1238.0617471250775,0
DEN-LNK,14,32.142857142857146,-4.5,0.0,0.0,678.8544594836197,0
DEN-MAF,19,13.789473684210526,2.0,0.0,0.0,907.6658621941293,0
DEN-MCI,28,26.0,2.5,0.0,0.0,854.8541369349193,0
DEN-MCO,48,7.583333333333333,-3.0,0.0,0.0,2485.214430386568,0
DEN-MDW,41,7.075,-1.0,0.024390243902439025,0.0,1436.9307208106773,0
DEN-MEM,8,8.875,4.5,0.0,0.0,1400.8209254823407,0
DEN-MFR,7,20.666666666666668,-1.0,0.14285714285714285,0.0,1547.4905505513757,0
DEN-MIA,12,11.75,6.5,0.0,0.0,2748.069139554614,0
DEN-MKE,31,-2.096774193548387,-6.0,0.0,0.0,1437.6078086755065,0
DEN-MLI,8,-5.375,-8.5,0.0,0.0,1206.0989014349711,0
DEN-MOT,22,0.8636363636363636,0.0,0.0,0.0,972.2920819481085,0
DEN-MSN,11,2.727272727272727,-4.0,0.0,0.0,1325.6020352591509,0
DEN-MSO,5,0.8,7.0,0.0,0.0,1092.0079628091478,0
DEN-MSP,94,-0.42391304347826086,-5.5,0.010638297872340425,0.010638297872340425,1092.408443416159,0
DEN-MSY,28,7.571428571428571,-1.5,0.0,0.0,1707.4552030305788,0
DEN-MTJ,6,6.0,-4.5,0.0,0.0,315.9915567201766,0
DEN-OAK,24,4.708333333333333,-7.5,0.0,0.0,1537.265819352792,0
DEN-OKC,29,14.0,-4.0,0.034482758620689655,0.034482758620689655,795.6617436830531,0
DEN-OMA,29,9.035714285714286,-2.5,0.034482758620689655,0.0,757.7221094612435,0
DEN-ONT,25,1.96,-1.0,0.0,0.0,1316.0511868783315,0
DEN-ORD,110,13.185185185185185,-0.5,0.01818181818181818,0.0,1425.6574026531102,0
DEN-PDX,60,2.466666666666667,-3.0,0.0,0.0,1592.7639973754797,0
DEN-PHL,43,3.7142857142857144,-5.0,0.023255813953488372,0.0,2499.9421858363116,0
DEN-PHX,132,5.833333333333333,-4.0,0.0,0.0,968.4126095476851,0
DEN-PIT,16,-8.5,-8.5,0.0,0.0,2070.5163964935914,0
DEN-PSC,6,6.5,1.0,0.0,0.0,1370.1581155948506,0
DEN-PSP,16,2.375,-3.5,0.0,0.0,1247.0803515046562,0
DEN-PUB,5,30.2,20.0,0.0,0.0,175.11941226430517,0
DEN-RAP,13,16.5,-2.0,0.07692307692307693,0.0,484.19000293724304,0
DEN-RDM,10,15.4,3.0,0.0,0.0,1442.8893829977821,0
DEN-RDU,21,3.4761904761904763,-7.0,0.0,0.0,2305.939633024316,0
DEN-RKS,11,-0.1111111111111111,-10.0,0.18181818181818182,0.0,417.79617323801426,0
DEN-RNO,18,7.722222222222222,-7.5,0.0,0.0,1291.4312491268925,0
DEN-RSW,5,-7.8,-9.0,0.0,0.0,2583.406207130151,0
DEN-SAN,61,-1.8166666666666667,-4.0,0.01639344262295082,0.0,1371.5488462134597,0
DEN-SAT,31,0.25806451612903225,-7.0,0.0,0.0,1279.3777734308092,0
DEN-SBA,14,-0.6428571428571429,-1.0,0.0,0.0,1471.7819632296487,0
DEN-SDF,12,2.75,-3.0,0.0,0.0,1643.1005883372127,0
DEN-SEA,96,-0.5157894736842106,-6.0,0.010416666666666666,0.0,1645.715125424673,0
DEN-SFO,104,4.584158415841584,-2.0,0.028846153846153848,0.0,1553.249207031266,0
DEN-SGF,9,-3.5555555555555554,-4.0,0.0,0.0,1022.2529686275598,0
DEN-SGU,5,6.2,1.0,0.0,0.0,835.2831909615836,0
DEN-SHV,5,-1.4,-6.0,0.0,0.0,1273.688624805451,0
DEN-SJC,41,5.804878048780488,-6.0,0.0,0.0,1522.8260915911112,0
DEN-SLC,95,5.063157894736842,-3.0,0.0,0.0,628.1465972997992,0
DEN-SMF,37,-4.081081081081081,-6.0,0.0,0.0,1460.251112915847,0
DEN-SNA,68,10.523076923076923,-2.0,0.029411764705882353,0.014705882352941176,1360.0028929647606,0
DEN-STL,20,3.55,-1.5,0.0,0.0,1235.864268317721,0
DEN-TPA,21,10.761904761904763,5.0,0.0,0.0,2421.893969388711,0
DEN-TUL,26,5.769230769230769,-1.5,0.0,0.0,869.4031298354662,0
DEN-TUS,36,2.4166666666666665,-2.0,0.0,0.0,1028.811168282985,0
DEN-TYS,6,-6.166666666666667,-5.0,0.0,0.0,1865.835669834518,0
DEN-XNA,5,23.0,-5.0,0.0,0.0,989.4701262368183,0
DFW-ABI,35,12.3125,2.5,0.08571428571428572,0.0,253.3861940897523,0
DFW-ABQ,33,5.903225806451613,-5.0,0.06060606060606061,0.0,913.9301557115864,0
DFW-ACT,33,12.3125,-5.0,0.030303030303030304,0.0,143.99969231263265,0
DFW-AEX,19,-1.4210526315789473,-4.0,0.0,0.0,457.26850506729187,0
DFW-AMA,22,1.9,-4.5,0.09090909090909091,0.0,501.6315152155878,0
DFW-ASE,6,4.333333333333333,3.0,0.0,0.0,1128.41440224693,0
DFW-ATL,121,11.75,-4.0,0.008264462809917356,0.0,1174.581306317355,0
DFW-AUS,80,8.743589743589743,-3.0,0.025,0.0,306.30656547365663,0
DFW-BDL,18,-1.6111111111111112,-3.0,0.0,0.0,2363.168000176707,0
DFW-BIS,12,17.727272727272727,-2.0,0.08333333333333333,0.0,1574.8642181349576,0
DFW-BMI,9,2.888888888888889,2.0,0.0,0.0,1110.3345227536925,0
DFW-BNA,51,3.1458333333333335,-9.0,0.058823529411764705,0.0,1014.1185883732608,0
DFW-BOS,44,1.8372093023255813,-5.0,0.022727272727272728,0.0,2509.259625730253,0
DFW-BPT,13,13.846153846153847,6.0,0.0,0.0,434.88771205310996,0
DFW-BRO,17,6.411764705882353,-4.0,0.0,0.0,778.0639745019233,0
DFW-BTR,41,27.794871794871796,0.0,0.04878048780487805,0.0,615.6359443143696,0
DFW-BWI,30,18.714285714285715,3.5,0.06666666666666667,0.0,1954.7522602117765,0
DFW-CAE,7,13.0,-9.0,0.0,0.0,1480.4073504685853,0
DFW-CHA,10,0.6666666666666666,-5.0,0.1,0.0,1116.187842593448,0
DFW-CID,25,-0.25,-6.5,0.04,0.0,1104.1287352291247,0
DFW-CLE,22,-1.2727272727272727,-8.0,0.0,0.0,1641.7188991221958,0
DFW-CLL,17,-7.066666666666666,-11.0,0.11764705882352941,0.0,264.3482779081089,0
DFW-CLT,84,4.0375,-3.5,0.047619047619047616,0.0,1503.1551658499072,0
DFW-CMH,26,-3.923076923076923,-9.5,0.0,0.0,1488.6875694359037,0
DFW-COS,20,2.55,-3.5,0.0,0.0,952.63846766042,0
DFW-COU,10,-2.6,-8.5,0.0,0.0,788.4598996966923,0
DFW-CRP,27,12.5,3.5,0.0,0.037037037037037035,571.6744518818867,0
DFW-CVG,31,-1.4482758620689655,-2.0,0.06451612903225806,0.0,1305.047212417235,0
DFW-DAY,14,-4.142857142857143,-7.5,0.0,0.0,1384.4835436008907,0
DFW-DCA,57,-2.3333333333333335,-8.0,0.0,0.0,1914.913326470155,0
DFW-DEN,96,3.7065217391304346,-4.0,0.03125,0.010416666666666666,1031.600597785448,0
DFW-DRO,14,2.230769230769231,-3.0,0.07142857142857142,0.0,1083.5972383028598,0
DFW-DSM,18,2.8823529411764706,-2.0,0.05555555555555555,0.0,1005.8329716961047,0
DFW-DTW,58,2.7142857142857144,-10.0,0.034482758620689655,0.0,1586.712642344082,0
DFW-EGE,9,5.666666666666667,-4.0,0.0,0.0,1159.4636748293472,0
DFW-ELP,33,5.870967741935484,-7.0,0.06060606060606061,0.0,885.4313401270822,0
DFW-EVV,7,14.0,5.0,0.0,0.0,1032.622598100422,0
DFW-EWR,44,13.175,-1.5,0.09090909090909091,0.0,2204.7752723670196,0
DFW-FAR,5,-5.0,-6.0,0.0,0.0,1559.4443304036429,0
DFW-FAT,12,1.8333333333333333,-1.5,0.0,0.0,2109.209283670791,0
DFW-FLL,47,12.851063829787234,0.0,0.0,0.0,1798.8174537883913,0
DFW-FSD,5,21.2,4.0,0.0,0.0,1188.440193908855,0
DFW-FSM,28,9.76923076923077,3.5,0.03571428571428571,0.03571428571428571,366.1016475907686,0
DFW-FWA,8,10.5,0.0,0.0,0.0,1381.6936556810294,0
DFW-GCK,16,19.0,-1.0,0.0625,0.0,651.5275367069083,0
DFW-GGG,20,-1.2352941176470589,-4.0,0.15,0.0,225.03364703719754,0
DFW-GJT,13,-2.230769230769231,-8.0,0.0,0.0,1242.3497989344214,0
DFW-GPT,10,19.3,0.5,0.0,0.0,803.0214932467456,0
DFW-GRI,16,13.571428571428571,-2.0,0.125,0.0,904.567040577128,0
DFW-GRK,45,4.906976744186046,-9.0,0.044444444444444446,0.0,216.82659204194024,0
DFW-GRR,16,17.9375,4.5,0.0,0.0,1498.3760835011726,0
DFW-GSO,7,23.833333333333332,11.5,0.14285714285714285,0.0,1604.6935730135444,0
DFW-GSP,12,-2.75,-1.5,0.0,0.0,1384.3192231729515,0
DFW-HNL,13,10.923076923076923,8.0,0.0,0.0,6080.926670844042,0
DFW-HOU,30,9.366666666666667,-0.5,0.0,0.0,398.1840716042232,0
DFW-IAD,23,-2.347826086956522,-9.0,0.0,0.0,1882.4533466516937,0
DFW-IAH,76,5.267605633802817,-1.0,0.06578947368421052,0.0,361.96606223931616,0
DFW-ICT,15,2.4285714285714284,-5.5,0.06666666666666667,0.0,529.8400771911708,0
DFW-IND,21,8.45,-7.0,0.047619047619047616,0.0,1223.9988203423068,0
DFW-JAC,5,4.2,-3.0,0.0,0.0,1683.8229562012718,0
DFW-JAN,43,3.8333333333333335,0.0,0.023255813953488372,0.0,655.1965507933768,0
DFW-JAX,17,5.882352941176471,-2.0,0.0,0.0,1475.1615059088035,0
DFW-JFK,15,10.785714285714286,12.5,0.0,0.06666666666666667,2234.873243388618,1
DFW-JLN,13,-5.0,-6.0,0.0,0.0,526.6240375830912,0
DFW-LAS,66,2.5692307692307694,-3.0,0.015151515151515152,0.0,1694.9321260734343,0
DFW-LAW,28,-4.518518518518518,-7.0,0.03571428571428571,0.0,225.4440846919421,0
DFW-LAX,123,0.06557377049180328,-8.0,0.008130081300813009,0.0,1983.2701122004137,0
DFW-LBB,14,6.071428571428571,-4.0,0.0,0.0,452.93326798587617,0
DFW-LCH,14,4.384615384615385,-5.0,0.07142857142857142,0.0,474.8729593665926,0
DFW-LEX,17,13.0,3.5,0.0,0.058823529411764705,1261.165185873319,1
DFW-LFT,21,6.55,-3.0,0.047619047619047616,0.0,564.2077976626479,0
DFW-LGA,79,1.28,-4.0,0.0379746835443038,0.012658227848101266,2231.3417314273966,0
DFW-LIT,25,12.04,2.0,0.0,0.0,489.0880768695578,0
DFW-LRD,26,26.192307692307693,-2.5,0.0,0.0,639.0375283811208,0
DFW-MAF,16,13.25,2.5,0.0,0.0,496.18379864734914,0
DFW-MCI,40,8.0,-5.5,0.0,0.0,741.7269403443647,0
DFW-MCO,67,5.123076923076923,-2.0,0.014925373134328358,0.014925373134328358,1581.7047539919577,0
DFW-MEI,9,22.11111111111111,7.0,0.0,0.0,778.3921893674436,0
DFW-MEM,23,17.608695652173914,-7.0,0.0,0.0,693.2713391266656,0
DFW-MFE,16,15.214285714285714,3.0,0.0625,0.0625,756.2085623441533,1
DFW-MGM,23,18.869565217391305,1.0,0.0,0.0,998.8067668730994,0
DFW-MHK,16,-2.5625,-3.5,0.0,0.0,695.1938588926785,0
DFW-MIA,65,5.328125,-3.0,0.015384615384615385,0.0,1802.065179478126,0
DFW-MKE,18,1.5625,-9.5,0.05555555555555555,0.05555555555555555,1373.6161849470086,1
DFW-MLI,25,-1.84,-2.0,0.0,0.0,1112.3371308148255,0
DFW-MLU,16,23.333333333333332,0.0,0.0625,0.0,469.705395568106,0
DFW-MOB,18,12.166666666666666,4.0,0.0,0.0,866.2289781415809,0
DFW-MSN,19,1.5789473684210527,2.0,0.0,0.0,1322.3980230161894,0
DFW-MSP,36,0.8611111111111112,-4.5,0.0,0.0,1372.5986654541778,0
DFW-MSY,43,11.333333333333334,-9.5,0.023255813953488372,0.0,719.330562104333,0
DFW-OAK,7,-7.857142857142857,-8.0,0.0,0.0,2339.605668111374,0
DFW-OGG,6,46.166666666666664,16.0,0.0,0.0,5962.419038170631,0
DFW-OKC,40,4.05,-5.0,0.0,0.0,282.4689612741933,0
DFW-OMA,20,8.65,-1.5,0.0,0.0,940.2219800211111,0
DFW-ONT,30,4.379310344827586,-2.0,0.03333333333333333,0.0,1908.4493162889498,0
DFW-ORD,127,1.2764227642276422,-6.0,0.031496062992125984,0.0,1290.7799614089354,0
DFW-ORF,10,0.4,-10.5,0.0,0.0,1947.315377745116,0
DFW-PBI,11,6.0,3.0,0.0,0.0,1772.0209604529184,0
DFW-PDX,33,5.303030303030303,-5.0,0.0,0.0,2597.134681764552,0
DFW-PHL,51,18.0,-1.0,0.0,0.0,2092.8527585282354,0
DFW-PHX,69,12.840579710144928,-6.0,0.0,0.0,1393.585732993809,0
DFW-PIA,14,-5.230769230769231,-7.0,0.07142857142857142,0.0,1082.569061421371,0
DFW-PIT,31,0.41935483870967744,-7.0,0.0,0.0,1715.7008293906317,0
DFW-PNS,19,18.166666666666668,9.0,0.05263157894736842,0.0,969.7024526128323,0
DFW-PSP,15,7.285714285714286,1.5,0.06666666666666667,0.0,1808.3892084865329,0
DFW-RDU,28,3.7037037037037037,-9.0,0.03571428571428571,0.0,1704.476561791536,0
DFW-RIC,16,6.2,-8.0,0.0625,0.0,1859.4303123048971,0
DFW-RNO,14,11.857142857142858,8.0,0.0,0.0,2160.6045442491986,0
DFW-ROW,19,-0.7777777777777778,-7.0,0.0,0.05263157894736842,699.3209763417719,1
DFW-RSW,15,14.071428571428571,5.0,0.0,0.06666666666666667,1634.1698857444987,1
DFW-SAF,17,-6.117647058823529,-9.0,0.0,0.0,884.7086495614066,0
DFW-SAN,56,9.945454545454545,-5.0,0.017857142857142856,0.0,1880.48264890802,0
DFW-SAT,75,-1.3333333333333333,-6.5,0.04,0.0,397.8999155835734,0
DFW-SAV,9,8.11111111111111,-7.0,0.0,0.0,1485.8925617554787,0
DFW-SDF,7,5.142857142857143,2.0,0.0,0.0,1177.7865868470592,0
DFW-SEA,68,-1.9090909090909092,-9.0,0.014705882352941176,0.014705882352941176,2668.2923656360285,0
DFW-SFO,79,8.08974358974359,-4.5,0.012658227848101266,0.0,2352.029788457795,0
DFW-SGF,26,-0.8461538461538461,-5.5,0.0,0.0,586.521891245018,0
DFW-SHV,46,15.11111111111111,-4.0,0.021739130434782608,0.0,304.72219552695464,0
DFW-SJC,30,2.037037037037037,-1.0,0.06666666666666667,0.03333333333333333,2310.3106054124605,0
DFW-SJT,31,4.551724137931035,1.0,0.06451612903225806,0.0,367.8810575235591,0
DFW-SJU,16,10.4375,-2.0,0.0,0.0,3482.217518467978,0
DFW-SLC,63,4.311475409836065,-5.0,0.031746031746031744,0.0,1589.5643013827907,0
DFW-SMF,24,6.173913043478261,-7.0,0.041666666666666664,0.0,2298.5323834247693,0
DFW-SNA,52,11.82,-3.5,0.019230769230769232,0.019230769230769232,1934.9673141434375,0
DFW-SPI,9,-0.6666666666666666,-6.0,0.0,0.0,1014.6295763936351,0
DFW-SPS,21,-2.3684210526315788,-11.0,0.09523809523809523,0.0,181.61339319970384,0
DFW-STL,48,4.434782608695652,-7.0,0.041666666666666664,0.0,885.9327371725009,0
DFW-TLH,15,23.642857142857142,2.0,0.06666666666666667,0.0,1231.8274984808036,0
DFW-TPA,46,4.2444444444444445,-3.0,0.021739130434782608,0.0,1492.5904522182639,0
DFW-TUL,64,7.564516129032258,-4.0,0.03125,0.0,381.9824884375476,0
DFW-TUS,38,0.631578947368421,-6.0,0.0,0.0,1305.7585836493947,0
DFW-TXK,17,5.235294117647059,-4.0,0.0,0.0,290.20221439544275,0
DFW-TYR,29,20.14814814814815,9.0,0.06896551724137931,0.0,164.52509513622775,0
DFW-TYS,30,2.357142857142857,-2.5,0.06666666666666667,0.0,1239.492937633487,0
DFW-VPS,29,10.206896551724139,0.0,0.0,0.0,1029.6124034060124,0
DFW-XNA,43,9.025641025641026,4.0,0.09302325581395349,0.0,451.85529443338083,0
DHN-ATL,25,3.68,-2.0,0.0,0.0,275.13194622641856,0
DIK-DEN,8,-11.125,-10.5,0.0,0.0,786.1234767352885,0
DIK-MSP,10,37.1,-10.0,0.0,0.0,771.9414313819209,0
DLH-MSP,18,-7.666666666666667,-10.5,0.0,0.0,232.05470268989666,0
DLH-ORD,15,25.357142857142858,4.5,0.06666666666666667,0.0,638.8390934101371,0
DRO-DEN,16,20.6,0.0,0.0625,0.0,403.3558736891773,0
DRO-DFW,15,7.333333333333333,4.0,0.0,0.0,1083.5972383028598,0
DRO-PHX,8,6.75,-6.0,0.0,0.0,565.4976891286673,0
DSM-ATL,14,-9.071428571428571,-7.5,0.0,0.0,1195.4506012131799,0
DSM-DEN,30,0.6333333333333333,-2.5,0.0,0.0,945.7278867918325,0
DSM-DFW,19,17.38888888888889,6.0,0.05263157894736842,0.0,1005.8329716961047,0
DSM-DTW,5,-11.8,-15.0,0.0,0.0,856.5842034588547,0
DSM-IAH,11,1.4,3.0,0.09090909090909091,0.0,1293.6223007899077,0
DSM-LAS,9,-4.666666666666667,-3.0,0.0,0.0,1952.4319870000718,0
DSM-MDW,12,1.75,-8.5,0.0,0.0,491.515220594304,0
DSM-MSP,7,-4.142857142857143,-6.0,0.0,0.0,373.74865926152677,0
DSM-ORD,59,7.649122807017544,-6.0,0.03389830508474576,0.0,479.92995088222904,0
DTW-ABE,5,0.4,-1.0,0.0,0.0,681.4459275294588,0
DTW-ALB,7,-1.7142857142857142,-4.0,0.0,0.0,784.6767983913536,0
DTW-APN,10,-5.3,-6.5,0.0,0.0,319.1392722897515,0
DTW-ATL,76,-1.0,-7.5,0.0,0.0,957.7753197779253,0
DTW-ATW,12,15.25,-4.5,0.0,0.0,476.51123621150623,0
DTW-AVP,7,37.142857142857146,7.0,0.0,0.0,639.4685254768907,0
DTW-AZO,11,-1.0,-7.0,0.0,0.0,181.43267910429182,0
DTW-BDL,19,-5.944444444444445,-9.5,0.05263157894736842,0.0,880.2450704269901,0
DTW-BGM,5,0.6,-1.0,0.0,0.0,606.7433087145322,0
DTW-BGR,6,-14.5,-14.5,0.0,0.0,1204.2508456154317,0
DTW-BHM,15,2.2666666666666666,-5.0,0.0,0.0,1006.8397584704556,0
DTW-BNA,38,-1.9736842105263157,-5.0,0.0,0.0,735.0801467533863,0
DTW-BOS,67,3.772727272727273,-5.0,0.014925373134328358,0.0,1014.6217962070521,0
DTW-BTV,8,-8.5,-11.5,0.0,0.0,861.5224470748936,0
DTW-BUF,10,-1.4,-10.5,0.0,0.0,386.54578414318934,0
DTW-BWI,52,2.9019607843137254,-6.0,0.019230769230769232,0.0,656.3973391997328,0
DTW-CHS,6,-16.333333333333332,-13.5,0.0,0.0,1075.637917773668,0
DTW-CID,11,-0.4,-3.0,0.0,0.09090909090909091,691.1439117004805,1
DTW-CIU,12,9.916666666666666,-4.0,0.0,0.0,457.9029410540541,0
DTW-CLE,15,-7.6,-7.0,0.0,0.0,152.899860826092,0
DTW-CLT,46,4.978260869565218,-6.5,0.0,0.0,805.5559974573706,0
DTW-CVG,10,-2.1,-7.5,0.0,0.0,369.05510068908626,0
DTW-DCA,33,4.1875,-7.0,0.030303030303030304,0.0,650.9138794852782,0
DTW-DEN,41,0.0,-7.0,0.024390243902439025,0.0,1802.2741078779893,0
DTW-DFW,45,4.6,-9.0,0.0,0.0,1586.7126423440823,0
DTW-ELM,17,-1.411764705882353,-6.0,0.0,0.0,531.9424571445936,0
DTW-ESC,9,-5.333333333333333,-11.0,0.0,0.0,492.02114599081557,0
DTW-EVV,11,10.454545454545455,0.0,0.0,0.0,584.5007214966599,0
DTW-EWR,41,11.282051282051283,-6.0,0.04878048780487805,0.0,783.1011583081184,0
DTW-FLL,58,0.9137931034482759,-4.0,0.0,0.0,1818.194832312615,0
DTW-FWA,15,11.133333333333333,-8.0,0.0,0.0,205.87419118806113,0
DTW-GRB,10,-3.7,-9.0,0.0,0.0,461.74197413972627,0
DTW-GRR,16,-4.25,-7.5,0.0,0.0,192.9837165534686,0
DTW-IAD,15,9.8,1.0,0.0,0.0,615.9559371110788,0
DTW-IAH,41,7.325,-5.0,0.024390243902439025,0.0,1731.361871975724,0
DTW-IND,16,-11.375,-10.0,0.0,0.0,371.59414622077526,0
DTW-LAN,10,18.0,0.5,0.0,0.0,119.50101492456717,0
DTW-LAS,53,7.849056603773585,-4.0,0.0,0.0,2808.407866188407,0
DTW-LAX,32,-9.90625,-8.5,0.0,0.0,3178.412891284536,0
DTW-LEX,9,4.75,0.0,0.0,0.1111111111111111,476.3667529808582,1
DTW-LGA,82,11.628205128205128,-2.5,0.036585365853658534,0.012195121951219513,804.7554443155436,0
DTW-LIT,5,-2.0,-1.0,0.0,0.0,1134.1861808956924,0
DTW-MBS,5,2.2,5.0,0.0,0.0,158.48504992758598,0
DTW-MCI,20,20.1,-2.0,0.0,0.0,1009.7098845043663,0
DTW-MCO,36,11.86111111111111,-3.0,0.0,0.0,1543.5417156975732,0
DTW-MDT,10,-7.3,-5.0,0.0,0.0,594.7031164684652,0
DTW-MDW,43,-0.2857142857142857,-5.5,0.023255813953488372,0.0,366.91941660743316,0
DTW-MEM,13,-9.76923076923077,-16.0,0.0,0.0,982.6749680810317,0
DTW-MIA,22,44.27272727272727,-0.5,0.0,0.0,1846.9752679273363,0
DTW-MKE,34,7.588235294117647,-3.0,0.0,0.0,381.17036511033086,0
DTW-MLI,5,-8.2,-7.0,0.0,0.0,598.987345183642,0
DTW-MSN,27,-1.2962962962962963,-6.0,0.0,0.0,500.2092782118515,0
DTW-MSP,48,7.531914893617022,-2.0,0.020833333333333332,0.0,848.1888691960932,0
DTW-MSY,24,13.869565217391305,-11.0,0.041666666666666664,0.0,1492.4088863202633,0
DTW-MYR,8,7.0,-4.0,0.0,0.0,1024.4822798077182,0
DTW-OKC,5,-4.4,0.0,0.0,0.0,1446.2897526808536,0
DTW-OMA,9,-5.888888888888889,-14.0,0.0,0.0,1044.5610738101745,0
DTW-ORD,56,16.581818181818182,-4.0,0.017857142857142856,0.0,376.723779066191,0
DTW-ORF,10,-8.3,-11.0,0.0,0.0,850.9460728536994,0
DTW-PBI,12,1.4166666666666667,-3.5,0.0,0.0,1751.934898177408,0
DTW-PDX,5,-3.2,-14.0,0.0,0.0,3135.271809823654,0
DTW-PHL,41,10.073170731707316,-2.0,0.0,0.0,727.6779905768153,0
DTW-PHX,55,-9.436363636363636,-9.0,0.0,0.0,2684.0290445920473,0
DTW-PIT,14,-3.2142857142857144,-8.0,0.0,0.0,322.8420686824374,0
DTW-PLN,11,-6.545454545454546,-9.0,0.0,0.0,391.07634308341915,0
DTW-PVD,17,-5.647058823529412,-11.0,0.0,0.0,986.2299658695316,0
DTW-PWM,17,5.470588235294118,-7.0,0.0,0.0,1072.4363408770084,0
DTW-RDU,15,-6.066666666666666,-6.0,0.0,0.0,806.7131445480329,0
DTW-RIC,14,-5.857142857142857,-8.0,0.0,0.0,733.6279772032851,0
DTW-ROC,6,35.833333333333336,-9.5,0.0,0.0,474.85593032530386,0
DTW-RSW,24,4.333333333333333,-5.0,0.0,0.0,1749.1128975514864,0
DTW-SAN,19,-2.6315789473684212,-3.0,0.0,0.0,3142.5222081939587,0
DTW-SAT,10,4.9,-1.0,0.0,0.0,1954.6045591157315,0
DTW-SAV,7,-7.714285714285714,-9.0,0.0,0.0,1137.2481148591828,0
DTW-SBN,20,25.35,-2.0,0.0,0.0,251.82210000923925,0
DTW-SEA,34,0.2647058823529412,4.5,0.0,0.0,3093.388896203148,0
DTW-SFO,18,-6.611111111111111,-6.5,0.0,0.0,3337.709666992291,0
DTW-SLC,29,-7.448275862068965,-10.0,0.0,0.0,2378.250707351304,0
DTW-STL,26,5.153846153846154,-7.5,0.0,0.0,706.7600305264249,0
DTW-SYR,9,-5.222222222222222,-7.0,0.0,0.0,600.3963680192204,0
DTW-TPA,33,-6.545454545454546,-10.0,0.0,0.0,1584.7524635773634,0
DTW-TVC,12,1.9090909090909092,-9.0,0.08333333333333333,0.0,334.0036351809799,0
DVL-JMS,9,9.0,5.0,0.0,0.0,132.84670065145662,0
EAU-ORD,12,10.5,-11.5,0.0,0.0,431.8592754773301,0
EGE-DFW,9,1.625,-6.0,0.1111111111111111,0.0,1159.4636748293472,0
EGE-EWR,5,-12.75,-10.0,0.2,0.0,2769.0173746142855,0
EGE-IAH,6,-6.6,-3.0,0.16666666666666666,0.0,1504.5970174072772,0
EKO-SLC,9,-5.777777777777778,-7.0,0.0,0.0,321.00194893766405,0
ELM-DTW,28,22.185185185185187,-10.0,0.03571428571428571,0.0,531.9424571445936,0
ELM-ORD,8,-5.375,-7.5,0.0,0.0,908.6414260099243,0
ELP-ATL,15,-6.133333333333334,-11.0,0.0,0.0,2059.6534456651784,0
ELP-AUS,12,5.833333333333333,-1.0,0.0,0.0,848.8467268499368,0
ELP-DAL,19,13.68421052631579,-2.0,0.0,0.0,902.2016114407838,0
ELP-DEN,19,20.789473684210527,9.0,0.0,0.0,908.4437022513574,0
ELP-DFW,15,0.6428571428571429,-6.5,0.06666666666666667,0.0,885.4313401270822,0
ELP-HOU,16,38.625,-0.5,0.0,0.0,1087.2235603685785,0
ELP-IAH,32,20.40625,-4.0,0.0,0.0,1072.1251785593597,0
ELP-LAS,9,-5.555555555555555,-9.0,0.0,0.0,938.0097512204437,0
ELP-LAX,15,17.571428571428573,8.0,0.06666666666666667,0.0,1147.572917385859,0
ELP-ORD,8,0.0,-4.0,0.0,0.125,1987.663818275563,1
ELP-PHX,31,17.677419354838708,5.0,0.0,0.0,557.395884742252,0
ELP-SAT,9,10.11111111111111,-4.0,0.0,0.0,797.1972805767721,0
ERI-ORD,10,-9.2,-8.5,0.0,0.0,638.1898087844511,0
ESC-DTW,11,-10.181818181818182,-7.0,0.0,0.0,492.02114599081557,0
EUG-DEN,12,2.3333333333333335,-9.5,0.0,0.0,1600.844152839402,0
EUG-LAX,9,-8.0,-11.0,0.0,0.0,1205.315010793664,0
EUG-SFO,26,-10.576923076923077,-15.5,0.0,0.0,726.700766467031,0
EUG-SLC,10,-13.1,-13.0,0.0,0.0,992.9096781653191,0
EVV-ATL,13,-7.769230769230769,-12.0,0.0,0.0,563.2704771446968,0
EVV-DFW,7,-11.833333333333334,-8.5,0.14285714285714285,0.0,1032.622598100422,0
EVV-DTW,12,-13.583333333333334,-12.0,0.0,0.0,584.5007214966599,0
EVV-ORD,28,4.884615384615385,-9.0,0.07142857142857142,0.0,439.44054152891266,0
EWN-ATL,16,-2.125,-2.5,0.0,0.0,696.0992081929277,0
EWR-ATL,77,11.216216216216216,-12.5,0.025974025974025976,0.012987012987012988,1198.9535958299882,0
EWR-AUS,16,-10.875,-14.5,0.0,0.0,2416.90920643651,0
EWR-AVL,5,-7.8,-11.0,0.0,0.0,936.7582660549224,0
EWR-BDL,6,-1.25,-10.0,0.3333333333333333,0.0,185.99793522931193,0
EWR-BNA,35,16.903225806451612,2.0,0.11428571428571428,0.0,1201.011952707256,0
EWR-BOS,74,5.271428571428571,-6.5,0.05405405405405406,0.0,322.30816782163953,0
EWR-BQN,7,34.57142857142857,26.0,0.0,0.0,2558.112906444246,0
EWR-BTV,13,-5.25,-9.5,0.07692307692307693,0.0,428.5503608833017,0
EWR-BUF,8,-8.375,-7.0,0.0,0.0,453.225123461679,0
EWR-CHS,22,-0.5454545454545454,-6.0,0.0,0.0,1011.5375759684711,0
EWR-CLE,21,6.631578947368421,-8.0,0.09523809523809523,0.0,648.7754598275574,0
EWR-CLT,66,-2.046875,-4.5,0.030303030303030304,0.0,850.2898949564933,0
EWR-CMH,15,-2.533333333333333,2.0,0.0,0.0,742.9860904197161,0
EWR-CVG,22,-10.818181818181818,-18.0,0.0,0.0,913.4696097018845,0
EWR-DAY,9,-9.222222222222221,-9.0,0.0,0.0,856.4212732508399,0
EWR-DCA,30,9.25925925925926,-5.0,0.1,0.0,319.3459977669078,0
EWR-DEN,39,1.9473684210526316,-8.0,0.02564102564102564,0.0,2575.9852338335536,0
EWR-DFW,33,10.84375,-3.0,0.0,0.030303030303030304,2204.7752723670196,0
EWR-DTW,35,9.64516129032258,-1.0,0.11428571428571428,0.0,783.1011583081184,0
EWR-FLL,65,10.078125,-8.0,0.015384615384615385,0.0,1716.8373760467293,0
EWR-GRR,8,10.833333333333334,9.0,0.25,0.0,971.4620914152167,0
EWR-GSO,13,-5.25,-5.5,0.07692307692307693,0.0,716.4462434917248,0
EWR-GSP,12,7.666666666666667,-8.5,0.0,0.0,956.2048902922205,0
EWR-HOU,17,-16.9375,-23.0,0.058823529411764705,0.0,2269.0339045439505,0
EWR-IAD,9,-8.375,-13.5,0.1111111111111111,0.0,341.4188804215949,0
EWR-IAH,54,19.9811320754717,0.0,0.018518518518518517,0.0,2250.6871180882167,0
EWR-IND,16,-3.7857142857142856,-4.0,0.125,0.0,1034.6218104732866,0
EWR-JAX,16,1.625,-5.5,0.0,0.0,1320.9504794459451,0
EWR-LAS,25,-0.5416666666666666,-7.5,0.04,0.0,3576.020659179237,0
EWR-LAX,79,-0.7922077922077922,-2.0,0.012658227848101266,0.012658227848101266,3941.0181240683187,0
EWR-MCI,10,18.3,4.5,0.0,0.0,1753.0165749167268,0
EWR-MCO,94,4.32258064516129,-4.0,0.010638297872340425,0.0,1511.2111767200809,0
EWR-MDW,38,-7.771428571428571,-9.0,0.02631578947368421,0.05263157894736842,1141.0801176481707,1
EWR-MEM,23,10.136363636363637,4.0,0.043478260869565216,0.0,1520.2780954039176,0
EWR-MHT,10,13.4,-0.5,0.0,0.0,336.7104147255856,0
EWR-MIA,46,-2.2045454545454546,-11.5,0.021739130434782608,0.021739130434782608,1750.5907452080587,0
EWR-MKE,17,-2.1875,-7.0,0.058823529411764705,0.0,1163.468445873842,0
EWR-MSP,17,15.75,-4.5,0.058823529411764705,0.0,1618.3218435731453,0
EWR-MSY,15,4.266666666666667,-14.0,0.0,0.0,1877.4341001057574,0
EWR-OMA,8,-4.2,-3.0,0.375,0.0,1819.7715269238577,0
EWR-ORD,63,5.419354838709677,-8.0,0.015873015873015872,0.0,1154.4338845848017,0
EWR-ORF,15,14.384615384615385,7.0,0.13333333333333333,0.0,457.53484708322486,0
EWR-PBI,48,19.25531914893617,0.0,0.020833333333333332,0.0,1650.3824344572274,0
EWR-PDX,9,7.555555555555555,-15.0,0.0,0.0,3906.497629434076,0
EWR-PHX,42,6.595238095238095,-4.0,0.0,0.0,3425.044203041988,0
EWR-PIT,8,-3.875,-13.0,0.0,0.0,512.4308541883373,0
EWR-PVD,7,10.428571428571429,5.0,0.0,0.0,256.32345473922254,0
EWR-PWM,12,8.666666666666666,-0.5,0.0,0.0,457.1291451460209,0
EWR-RDU,14,14.846153846153847,-3.0,0.07142857142857142,0.0,669.9624570440932,0
EWR-RIC,16,14.25,4.5,0.0,0.0,446.6343399093401,0
EWR-ROC,13,5.3076923076923075,3.0,0.0,0.0,395.99404866064583,0
EWR-RSW,25,15.08,-2.0,0.0,0.0,1721.999442781257,0
EWR-SAN,18,-18.055555555555557,-22.5,0.0,0.0,3895.0341524692535,0
EWR-SAV,15,2.4285714285714284,0.5,0.06666666666666667,0.0,1140.6419035249262,0
EWR-SBN,8,11.714285714285714,-6.0,0.0,0.125,1021.8965229479135,1
EWR-SDF,9,-3.0,-7.0,0.1111111111111111,0.0,1031.2513895823693,0
EWR-SEA,22,-2.8181818181818183,-0.5,0.0,0.0,3854.8408772638027,0
EWR-SFO,83,13.036585365853659,-3.5,0.012048192771084338,0.0,4118.390759046058,0
EWR-SJU,21,-0.42857142857142855,-8.0,0.0,0.0,2594.3963893707014,0
EWR-SLC,10,32.9,3.5,0.0,0.0,3160.231219054294,0
EWR-SNA,15,-10.538461538461538,-26.0,0.06666666666666667,0.06666666666666667,3907.8034268856427,1
EWR-STL,26,-1.565217391304348,-10.0,0.11538461538461539,0.0,1399.5327958789285,0
EWR-SYR,16,-6.4,-12.0,0.0625,0.0,313.1037189852874,0
EWR-TPA,32,0.96875,-8.5,0.0,0.0,1607.2709020618056,0
EWR-TYS,9,0.6666666666666666,-7.0,0.0,0.0,1014.0966917302358,0
EYW-ATL,15,-13.333333333333334,-14.0,0.0,0.0,1042.716158694576,0
EYW-MIA,8,0.125,-9.0,0.0,0.0,201.9303159645693,0
FAI-ANC,9,48.77777777777778,2.0,0.0,0.0,418.7502770148376,0
FAI-SEA,25,1.8,-11.0,0.0,0.0,2461.6006959965907,0
FAR-DEN,20,6.9,-13.5,0.0,0.0,1008.3901782994806,0
FAR-DFW,8,-6.375,-4.5,0.0,0.0,1559.4443304036429,0
FAR-MSP,34,-4.0,-9.0,0.0,0.0,358.9824362501819,0
FAR-ORD,27,-0.7407407407407407,-3.0,0.0,0.0,894.5856349970403,0
FAR-SLC,5,-6.6,-9.0,0.0,0.0,1390.495009286042,0
FAT-DEN,20,6.35,-1.5,0.0,0.0,1355.2360901325812,0
FAT-DFW,12,34.25,-1.0,0.0,0.0,2109.209283670791,0
FAT-LAX,28,26.642857142857142,4.0,0.0,0.0,336.7293135732395,0
FAT-SEA,15,10.571428571428571,0.5,0.0,0.06666666666666667,1205.6631310054577,1
FAT-SFO,21,2.95,-11.0,0.047619047619047616,0.0,253.27444546950605,0
FAT-SLC,11,-3.5454545454545454,-6.0,0.0,0.0,805.2217276640508,0
FAY-ATL,20,66.6,-3.0,0.0,0.0,531.0345809951175,0
FCA-DEN,14,-5.642857142857143,-4.5,0.0,0.0,1210.4648927614235,0
FCA-MSP,5,-11.2,-11.0,0.0,0.0,1646.4153132896658,0
FCA-SLC,21,-10.857142857142858,-11.0,0.0,0.0,855.6555791560214,0
FLG-PHX,25,9.24,-2.0,0.0,0.0,192.01699631841956,0
FLL-ACY,11,-5.0,-5.0,0.0,0.0,1576.1078065541165,0
FLL-ALB,10,-4.4,-11.5,0.0,0.0,1942.060891394079,0
FLL-ATL,139,-3.7985611510791366,-11.0,0.0,0.0,936.7619988694591,0
FLL-AUS,10,1.5,-13.5,0.0,0.0,1775.6676456685884,0
FLL-BDL,18,0.47058823529411764,-3.0,0.05555555555555555,0.0,1891.8895557923902,0
FLL-BNA,18,33.111111111111114,-8.5,0.0,0.0,1277.944368068923,0
FLL-BOS,33,19.818181818181817,5.0,0.0,0.0,1994.3125287319942,0
FLL-BUF,6,-7.0,-14.0,0.0,0.16666666666666666,1880.0617085733277,1
FLL-BWI,78,2.9743589743589745,-9.0,0.0,0.0,1492.715349366366,0
FLL-CLE,11,7.545454545454546,4.0,0.0,0.0,1712.64118852162,0
FLL-CLT,40,2.35,-5.5,0.0,0.0,1019.2768732086348,0
FLL-CVG,5,-8.8,-10.0,0.0,0.0,1502.6494780368837,0
FLL-DAL,20,-10.05,-20.5,0.0,0.0,1780.6966127287355,0
FLL-DCA,33,0.375,-9.0,0.0,0.030303030303030304,1450.4842560418535,0
FLL-DEN,13,-2.5,-14.0,0.07692307692307693,0.0,2738.4094257285333,0
FLL-DFW,59,12.508474576271187,-8.0,0.0,0.0,1798.8174537883913,0
FLL-DTW,36,-1.7714285714285714,-8.0,0.027777777777777776,0.0,1818.194832312615,0
FLL-EWR,60,-0.22413793103448276,-13.5,0.03333333333333333,0.0,1716.8373760467293,0
FLL-HOU,12,-10.416666666666666,-15.5,0.0,0.0,1537.8235821084788,0
FLL-HPN,17,4.6875,-7.5,0.058823529411764705,0.0,1769.6340029532844,0
FLL-IAH,33,1.696969696969697,-7.0,0.0,0.0,1551.2779294431743,0
FLL-ISP,11,14.090909090909092,0.0,0.0,0.0,1761.4519519102919,0
FLL-JAX,18,7.777777777777778,-3.0,0.0,0.0,514.0915694056711,0
FLL-JFK,58,4.482758620689655,-11.5,0.0,0.0,1723.286591334612,0
FLL-LAS,21,-4.65,-14.5,0.047619047619047616,0.0,3492.1308404883216,0
FLL-LAX,27,9.777777777777779,4.0,0.0,0.0,3763.2265226744307,0
FLL-LBE,5,-2.2,-6.0,0.0,0.0,1580.8570098820705,0
FLL-LGA,88,8.988372093023257,-0.5,0.022727272727272728,0.0,1734.5781041689258,0
FLL-MCO,12,-1.5833333333333333,-5.0,0.0,0.0,286.12820539161373,0
FLL-MDW,25,0.72,-7.0,0.0,0.0,1880.6868577650937,0
FLL-MKE,5,30.2,-14.0,0.0,0.0,2003.7841170698298,0
FLL-MSP,9,18.88888888888889,-6.0,0.0,0.0,2395.6688745798074,0
FLL-MSY,24,4.681818181818182,-6.5,0.041666666666666664,0.041666666666666664,1082.8276223947755,0
FLL-ORD,48,-5.25,-15.0,0.0,0.0,1905.4835207995022,0
FLL-ORH,8,9.875,19.5,0.0,0.0,1952.7146458863817,0
FLL-PHL,37,4.666666666666667,-1.0,0.02702702702702703,0.0,1600.6350492366378,0
FLL-PHX,10,-10.0,-8.5,0.0,0.0,3168.5405073588095,0
FLL-PIT,14,8.428571428571429,-10.0,0.0,0.0,1603.3245037439096,0
FLL-PVD,11,-6.545454545454546,-10.0,0.0,0.0,1915.0244594284968,0
FLL-RDU,15,17.533333333333335,-2.0,0.0,0.0,1097.9758312377862,0
FLL-SEA,5,11.6,0.0,0.0,0.0,4367.627427237369,0
FLL-SFO,23,-7.304347826086956,-11.0,0.0,0.0,4150.807973750956,0
FLL-SJU,52,1.5961538461538463,-3.5,0.0,0.0,1683.7158269263932,0
FLL-STL,7,-1.2857142857142858,-10.0,0.0,0.0,1701.6402749783792,0
FLL-SWF,7,25.0,-2.0,0.0,0.0,1803.3802389563987,0
FLL-TPA,34,3.8529411764705883,-9.5,0.0,0.0,316.79848095032446,0
FNT-ATL,15,9.4,-8.0,0.0,0.0,1038.602253443385,0
FNT-BWI,8,-8.25,-7.5,0.0,0.0,727.1788038560461,0
FNT-LAS,5,-7.8,-14.0,0.0,0.0,2782.554459645091,0
FNT-MCO,10,-20.2,-17.0,0.0,0.0,1630.9900589354436,0
FNT-MSP,9,-7.222222222222222,-5.0,0.0,0.0,787.5215048845683,0
FNT-ORD,41,0.2972972972972973,-7.0,0.0975609756097561,0.0,358.4035419899683,0
FSD-ATL,7,7.857142857142857,-7.0,0.0,0.0,1535.1437122072293,0
FSD-DEN,21,2.3,-3.5,0.047619047619047616,0.0,776.6711523284467,0
FSD-DFW,7,62.42857142857143,14.0,0.0,0.0,1188.440193908855,0
FSD-MSP,21,5.095238095238095,1.0,0.0,0.0,315.7753809439881,0
FSD-ORD,43,10.121951219512194,1.0,0.046511627906976744,0.0,742.4958324443813,0
FSM-ATL,14,18.214285714285715,-4.0,0.0,0.0,929.9383764952266,0
FSM-DFW,18,2.875,-4.0,0.1111111111111111,0.0,366.1016475907686,0
FWA-ATL,14,12.384615384615385,-3.0,0.07142857142857142,0.0,818.7648692763014,0
FWA-DFW,9,-3.4444444444444446,-15.0,0.0,0.0,1381.6936556810294,0
FWA-DTW,18,-4.0588235294117645,-7.0,0.05555555555555555,0.0,205.87419118806113,0
FWA-MSP,6,0.8333333333333334,5.0,0.0,0.0,783.5088884064875,0
FWA-ORD,50,3.0681818181818183,-7.0,0.12,0.0,251.64722300622776,0
GCC-DEN,10,-7.1,-16.0,0.0,0.0,504.4705245511203,0
GCC-SLC,6,-12.5,-9.5,0.0,0.0,659.00576574871,0
GCK-DFW,14,1.0714285714285714,-11.5,0.0,0.0,651.5275367069083,0
GEG-BOI,8,1.5,-8.5,0.0,0.0,462.31740213291516,0
GEG-DEN,21,29.952380952380953,-6.0,0.0,0.0,1343.5292890141961,0
GEG-LAS,5,0.2,-7.0,0.0,0.0,1298.0334593336179,0
GEG-MSP,11,6.2727272727272725,-5.0,0.0,0.0,1886.4017588806562,0
GEG-OAK,15,-7.466666666666667,-9.0,0.0,0.0,1164.891628995421,0
GEG-PHX,20,-4.7,-8.0,0.0,0.0,1643.9575624060194,0
GEG-SEA,56,12.178571428571429,-1.0,0.0,0.0,358.95473449853955,0
GEG-SLC,19,7.473684210526316,-6.0,0.0,0.0,878.7527072324713,0
GFK-MSP,9,-8.777777777777779,-9.0,0.0,0.0,456.55505257805845,0
GGG-DFW,12,40.333333333333336,-1.0,0.0,0.0,225.03364703719754,0
GJT-DEN,6,15.666666666666666,10.0,0.0,0.0,341.1431283706827,0
GJT-DFW,17,-12.461538461538462,-17.0,0.11764705882352941,0.11764705882352941,1242.3497989344214,1
GJT-IAH,7,2.5714285714285716,-7.0,0.0,0.0,1575.526547552153,0
GJT-PHX,14,-7.142857142857143,-3.5,0.0,0.0,705.1427616980108,0
GJT-SLC,11,-6.090909090909091,-7.0,0.0,0.0,347.58152813373613,0
GNV-ATL,32,0.75,-7.0,0.0,0.0,484.2697988416221,0
GNV-MIA,7,-8.0,-11.0,0.0,0.0,475.12406938631983,0
GPT-ATL,27,-6.6923076923076925,-12.0,0.037037037037037035,0.0,566.3166976063353,0
GPT-DFW,18,5.470588235294118,-8.0,0.05555555555555555,0.0,803.0214932467456,0
GPT-IAH,24,-3.130434782608696,-8.0,0.041666666666666664,0.0,604.3549825708077,0
GRB-ATL,8,7.75,-6.5,0.0,0.0,1247.1519668373578,0
GRB-DTW,7,0.0,-17.0,0.0,0.0,461.7419741397262,0
GRB-MSP,22,-1.0,-6.0,0.0,0.0,404.5369547392854,0
GRB-ORD,37,-2.638888888888889,-6.0,0.02702702702702703,0.0,279.1915884837738,0
GRI-DFW,17,18.941176470588236,-3.0,0.0,0.0,904.567040577128,0
GRK-ATL,14,27.642857142857142,0.0,0.0,0.0,1289.9330896614642,0
GRK-DFW,47,-2.5652173913043477,-9.0,0.02127659574468085,0.0,216.82659204194027,0
GRK-IAH,13,-7.083333333333333,-10.0,0.07692307692307693,0.0,267.08239249699824,0
GRR-ATL,25,-5.76,-17.0,0.0,0.0,1031.9007724508983,0
GRR-BWI,14,-4.357142857142857,-8.5,0.0,0.0,848.7340360162358,0
GRR-DEN,12,-9.833333333333334,-11.0,0.0,0.0,1628.7076378407503,0
GRR-DFW,17,18.058823529411764,-5.0,0.0,0.0,1498.3760835011726,0
GRR-DTW,31,-11.935483870967742,-11.0,0.0,0.0,192.9837165534686,0
GRR-EWR,9,26.25,15.5,0.1111111111111111,0.0,971.4620914152167,0
GRR-IAH,5,19.25,4.0,0.2,0.0,1679.2079689569443,0
GRR-LGA,8,-1.7142857142857142,-3.0,0.125,0.0,992.3171616541762,0
GRR-MCO,5,-23.25,-28.0,0.2,0.0,1650.7190416336682,0
GRR-MSP,25,-6.04,-12.0,0.0,0.0,655.21186405122,0
GRR-ORD,48,6.695652173913044,-6.0,0.041666666666666664,0.0,219.65067281579857,0
GRR-STL,8,-9.25,-11.0,0.0,0.0,613.7235235718094,0
GSO-ATL,36,-5.861111111111111,-9.5,0.0,0.0,492.2770644708366,0
GSO-DEN,7,3.0,-10.0,0.0,0.0,2200.0935072811526,0
GSO-DFW,11,8.909090909090908,10.0,0.0,0.0,1604.6935730135444,0
GSO-DTW,7,-8.285714285714286,-18.0,0.0,0.0,740.6158398310115,0
GSO-EWR,12,16.916666666666668,-12.5,0.0,0.0,716.4462434917247,0
GSO-LGA,25,19.904761904761905,1.0,0.16,0.0,741.0909254929626,0
GSO-ORD,10,-4.0,-9.0,0.0,0.0,948.5271381932832,0
GSP-ATL,33,0.03125,-8.5,0.030303030303030304,0.0,246.26580771234822,0
GSP-DFW,11,-2.9,-6.0,0.09090909090909091,0.0,1384.3192231729515,0
GSP-EWR,12,14.5,-4.5,0.16666666666666666,0.0,956.2048902922205,0
GSP-HOU,9,1.0,3.0,0.1111111111111111,0.0,1358.0739622487,0
GSP-IAH,13,-7.846153846153846,-15.0,0.0,0.0,1345.7038367671291,0
GSP-MDW,12,-1.5,0.5,0.0,0.0,905.0090764240321,0
GSP-ORD,17,13.117647058823529,-3.0,0.0,0.0,929.8973314339032,0
GTF-DEN,17,-7.8125,-10.0,0.0,0.058823529411764705,1003.7707868021843,1
GTF-SLC,13,-10.461538461538462,-13.0,0.0,0.0,745.8637279109078,0
GTR-ATL,23,13.318181818181818,-2.5,0.043478260869565216,0.0,386.49168676239765,0
HIB-INL,6,-5.333333333333333,-15.0,0.0,0.0,137.72029348664398,0
HIB-MSP,9,-11.333333333333334,-12.0,0.0,0.0,280.1765847590928,0
HLN-MSP,7,27.571428571428573,10.0,0.0,0.0,1465.263692610506,0
HLN-SLC,19,-0.8421052631578947,-5.0,0.0,0.0,646.9800205120247,0
HNL-ANC,5,-12.4,-16.0,0.0,0.0,4474.233140963623,0
HNL-ATL,7,0.3333333333333333,6.5,0.14285714285714285,0.0,7233.895430977946,0
HNL-DEN,7,3.5714285714285716,-3.0,0.0,0.0,5408.336405581832,0
HNL-DFW,8,-4.625,-4.0,0.0,0.0,6080.926670844042,0
HNL-EWR,5,-8.6,-7.0,0.0,0.0,7973.374756879408,0
HNL-ITO,81,1.7160493827160495,1.0,0.0,0.0,348.0742416155584,0
HNL-JFK,6,-7.166666666666667,-4.0,0.0,0.0,8006.726455727877,0
HNL-KOA,101,-0.6534653465346535,-2.0,0.0,0.0,262.7822276132488,0
HNL-LAS,13,-4.6923076923076925,-7.0,0.0,0.0,4440.410773682335,0
HNL-LAX,82,-2.950617283950617,-11.0,0.0,0.012195121951219513,4108.155663897506,0
HNL-LIH,107,2.6448598130841123,0.0,0.0,0.0,163.63196036070286,0
HNL-OAK,16,15.0,3.5,0.0,0.0,3873.2751052165777,0
HNL-OGG,144,2.673611111111111,0.0,0.0,0.0,161.6585297084144,0
HNL-ORD,7,-6.428571428571429,-14.0,0.0,0.0,6819.179664615658,0
HNL-PDX,8,-11.125,-14.5,0.0,0.0,4188.215704562279,0
HNL-PHX,27,16.296296296296298,-3.0,0.0,0.0,4688.820393895672,0
HNL-SAN,12,-7.75,-4.5,0.0,0.0,4200.687434545809,0
HNL-SEA,27,0.23076923076923078,-4.0,0.037037037037037035,0.0,4307.937088449098,0
HNL-SFO,42,1.619047619047619,-7.0,0.0,0.0,3856.873931048837,0
HNL-SJC,13,11.692307692307692,-5.0,0.0,0.0,3885.798050394598,0
HNL-SMF,6,-3.0,1.0,0.0,0.0,3959.430025742682,0
HOB-IAH,9,-8.333333333333334,-6.0,0.0,0.0,806.1635175134755,0
HOU-ABQ,22,9.285714285714286,6.0,0.045454545454545456,0.0,1220.6269993542305,0
HOU-ATL,69,9.521739130434783,-3.0,0.0,0.0,1118.424976902989,0
HOU-AUS,15,7.866666666666666,1.0,0.0,0.0,238.37763706776212,0
HOU-BHM,17,11.176470588235293,3.0,0.0,0.0,916.9200549163486,0
HOU-BNA,21,2.4285714285714284,1.0,0.0,0.0,1078.0126586914912,0
HOU-BOS,17,-0.8125,1.0,0.058823529411764705,0.0,2586.9162860146103,0
HOU-BWI,15,-4.866666666666666,-5.0,0.0,0.0,2003.3253724907981,0
HOU-CHS,9,7.0,-3.0,0.0,0.0,1491.225136515768,0
HOU-CRP,24,19.625,1.5,0.0,0.0,300.7267860527948,0
HOU-DAL,101,7.351063829787234,-2.0,0.0594059405940594,0.009900990099009901,386.12169803190324,0
HOU-DCA,28,6.703703703703703,-3.0,0.03571428571428571,0.0,1958.8306470463247,0
HOU-DEN,23,-0.9130434782608695,-8.0,0.0,0.0,1421.272223490078,0
HOU-DFW,19,10.588235294117647,6.0,0.10526315789473684,0.0,398.1840716042232,0
HOU-ELP,15,13.6,-4.0,0.0,0.0,1087.2235603685785,0
HOU-EWR,14,-4.928571428571429,-8.0,0.0,0.0,2269.0339045439505,0
HOU-FLL,13,8.0,2.0,0.0,0.0,1537.8235821084786,0
HOU-HRL,32,7.96875,-2.5,0.0,0.0,445.8505364421717,0
HOU-JAX,6,16.333333333333332,13.5,0.0,0.0,1310.46826988747,0
HOU-JFK,8,-11.0,-1.0,0.125,0.0,2296.084931739228,0
HOU-LAS,29,-9.068965517241379,-11.0,0.0,0.0,1984.6939751393525,0
HOU-LAX,33,1.0,-2.0,0.0,0.0,2232.396962949658,0
HOU-LGA,13,14.923076923076923,5.0,0.0,0.0,2295.583767144047,0
HOU-MAF,20,13.55,11.5,0.0,0.0,708.7059174600478,0
HOU-MCI,10,2.8,-8.5,0.0,0.0,1074.5163157093136,0
HOU-MCO,20,6.526315789473684,1.0,0.0,0.05,1363.3290307083648,1
HOU-MDW,40,11.973684210526315,0.0,0.05,0.0,1509.7995567168728,0
HOU-MEM,8,45.5,18.5,0.0,0.0,779.6147262641858,0
HOU-MSY,46,10.956521739130435,7.0,0.0,0.0,485.877638330454,0
HOU-OAK,11,6.909090909090909,-4.0,0.0,0.0,2638.353402265244,0
HOU-OKC,22,0.9047619047619048,-2.0,0.045454545454545456,0.0,675.1043568729833,0
HOU-PHX,27,1.6296296296296295,-3.0,0.0,0.0,1638.3305305102049,0
HOU-RDU,8,20.375,11.0,0.0,0.0,1687.6332134316594,0
HOU-SAN,13,5.153846153846154,-1.0,0.0,0.0,2108.3902388132287,0
HOU-SAT,22,6.545454545454546,3.0,0.0,0.0,308.778336918017,0
HOU-STL,17,-4.411764705882353,-5.0,0.0,0.0,1108.1486963527757,0
HOU-TPA,12,6.5,3.0,0.0,0.0,1254.9546783319865,0
HOU-TUL,20,0.7,-4.0,0.0,0.0,730.865708795491,0
HPN-ATL,28,13.75,5.5,0.0,0.0,1255.0793760738063,0
HPN-DTW,5,77.0,57.0,0.0,0.0,810.7912751644168,0
HPN-MCO,18,3.0555555555555554,-2.5,0.0,0.0,1566.2176044357957,0
HPN-ORD,33,9.125,-8.0,0.030303030303030304,0.0,1184.8719613753567,0
HPN-PBI,16,9.625,-2.5,0.0,0.0,1703.3704698668844,0
HPN-RSW,9,-6.5,-5.5,0.1111111111111111,0.0,1776.6049348708634,0
HRL-HOU,28,1.5,-4.5,0.0,0.0,445.8505364421717,0
HRL-IAH,11,-9.909090909090908,-12.0,0.0,0.0,474.9344045029527,0
HSV-ATL,33,-4.242424242424242,-8.0,0.0,0.0,242.8629058267313,0
HSV-DEN,6,43.333333333333336,-2.5,0.0,0.0,1683.1197184465138,0
HSV-DFW,6,-6.333333333333333,-4.5,0.0,0.0,967.9250803349796,0
HSV-IAH,17,-3.176470588235294,-6.0,0.0,0.0,956.8209008103088,0
HSV-ORD,9,7.25,5.5,0.1111111111111111,0.0,822.0012009239958,0
HYS-DEN,7,10.714285714285714,9.0,0.0,0.0,477.11926510561636,0
IAD-ATL,45,0.5111111111111111,-9.0,0.0,0.0,858.6614056390047,0
IAD-BOS,34,13.294117647058824,-1.0,0.0,0.0,663.5527367912148,0
IAD-CLE,8,10.5,-11.0,0.0,0.0,463.08397601235544,0
IAD-DEN,46,4.377777777777778,-4.0,0.0,0.021739130434782608,2331.2237788738266,0
IAD-DFW,18,2.9411764705882355,-12.0,0.05555555555555555,0.0,1882.453346651694,0
IAD-DTW,13,22.53846153846154,-5.0,0.0,0.0,615.9559371110788,0
IAD-EWR,13,2.230769230769231,-4.0,0.0,0.0,341.4188804215949,0
IAD-IAH,24,2.8260869565217392,-4.0,0.041666666666666664,0.0,1913.5055416410557,0
IAD-JFK,15,-2.9285714285714284,-9.0,0.06666666666666667,0.0,366.313643872392,0
IAD-LAS,21,10.285714285714286,-2.0,0.0,0.0,3316.4664224426047,0
IAD-LAX,74,-1.36986301369863,-6.0,0.013513513513513514,0.0,3674.034070185791,0
IAD-LGA,6,-19.0,-18.0,0.16666666666666666,0.0,367.4639786957693,0
IAD-MCO,29,3.4827586206896552,-1.0,0.0,0.0,1222.2688792118686,0
IAD-MDW,10,-14.0,-18.0,0.0,0.1,927.0826901997743,1
IAD-MIA,22,14.454545454545455,3.0,0.0,0.0,1486.1598518672376,0
IAD-MSP,12,2.5833333333333335,-9.0,0.0,0.0,1458.2814555255964,0
IAD-MSY,7,-7.571428571428571,-7.0,0.0,0.0,1536.040536422528,0
IAD-ORD,28,2.3214285714285716,-4.0,0.0,0.0,945.409211768464,0
IAD-RDU,8,27.625,1.5,0.0,0.0,360.72189693036586,0
IAD-SAN,22,-0.47619047619047616,-12.0,0.0,0.045454545454545456,3618.3012978058778,1
IAD-SAV,5,17.8,6.0,0.0,0.0,830.1409676155347,0
IAD-SEA,22,-8.863636363636363,-23.5,0.0,0.0,3701.649296400086,0
IAD-SFO,59,4.931034482758621,-9.0,0.01694915254237288,0.0,3883.3867527279017,0
IAD-TPA,21,-1.9,-4.5,0.047619047619047616,0.0,1306.8748199664071,0
IAH-ABQ,18,4.823529411764706,3.0,0.05555555555555555,0.0,1196.0697082242627,0
IAH-AEX,24,0.7272727272727273,-2.0,0.08333333333333333,0.0,306.1139129265054,0
IAH-AMA,11,14.6,-4.5,0.0,0.09090909090909091,833.2729606725784,1
IAH-ATL,66,1.7846153846153847,-8.0,0.0,0.015151515151515152,1107.8295395478667,0
IAH-AUS,37,24.13888888888889,0.0,0.02702702702702703,0.0,225.44571422203956,0
IAH-BFL,8,8.625,-4.0,0.0,0.0,2294.092800750568,0
IAH-BHM,39,-2.5526315789473686,-1.5,0.02564102564102564,0.0,903.7116083826412,0
IAH-BNA,15,8.285714285714286,1.5,0.06666666666666667,0.0,1056.7010781315184,0
IAH-BOS,31,10.580645161290322,-1.0,0.0,0.0,2567.7993009879588,0
IAH-BRO,16,2.4375,-7.5,0.0,0.0,497.1315589925233,0
IAH-BTR,49,4.541666666666667,-5.5,0.02040816326530612,0.0,407.08722248204776,0
IAH-BWI,11,28.4,-1.0,0.0,0.09090909090909091,1985.9227526383736,1
IAH-CAE,6,6.333333333333333,-3.0,0.0,0.0,1410.4228473813862,0
IAH-CHS,10,30.5,5.0,0.0,0.0,1485.7967705094345,0
IAH-CLE,20,7.35,0.0,0.0,0.0,1756.311866504667,0
IAH-CLL,14,-5.928571428571429,-8.5,0.0,0.0,119.33925638672444,0
IAH-CLT,53,-3.2641509433962264,-7.0,0.0,0.0,1466.9495657326067,0
IAH-CMH,18,-2.8333333333333335,-3.0,0.0,0.0,1586.466110483981,0
IAH-COS,18,1.0,-0.5,0.0,0.0,1302.5582747970604,0
IAH-CRP,39,3.945945945945946,-4.0,0.05128205128205128,0.0,323.54084765987466,0
IAH-CRW,8,13.875,1.5,0.0,0.0,1568.6954497390398,0
IAH-CVG,27,11.555555555555555,8.0,0.0,0.0,1402.6971455578832,0
IAH-DAL,6,-5.666666666666667,-5.0,0.0,0.0,349.5493654344419,0
IAH-DCA,33,-1.4,-8.0,0.06060606060606061,0.030303030303030304,1941.7495380216076,0
IAH-DEN,71,4.771428571428571,-2.0,0.014084507042253521,0.0,1387.3341244956482,0
IAH-DFW,53,1.2549019607843137,-6.0,0.03773584905660377,0.0,361.9660622393162,0
IAH-DSM,9,9.666666666666666,2.0,0.0,0.0,1293.6223007899077,0
IAH-DTW,35,27.764705882352942,9.0,0.02857142857142857,0.0,1731.361871975724,0
IAH-ELP,25,4.64,0.0,0.0,0.0,1072.1251785593597,0
IAH-EWR,55,14.716981132075471,-3.0,0.03636363636363636,0.0,2250.6871180882167,0
IAH-FLL,30,10.233333333333333,-4.0,0.0,0.0,1551.2779294431743,0
IAH-GPT,21,-6.473684210526316,-8.0,0.09523809523809523,0.0,604.3549825708077,0
IAH-GRK,11,17.0,4.5,0.09090909090909091,0.0,267.08239249699824,0
IAH-GRR,8,17.0,-4.5,0.0,0.0,1679.2079689569443,0
IAH-GSP,12,21.833333333333332,7.5,0.0,0.0,1345.7038367671291,0
IAH-HOB,9,-6.625,-13.0,0.1111111111111111,0.0,806.1635175134755,0
IAH-HRL,21,-3.2,-6.5,0.047619047619047616,0.0,474.93440450295265,0
IAH-HSV,14,9.846153846153847,2.0,0.07142857142857142,0.0,956.8209008103088,0
IAH-IAD,18,14.882352941176471,-4.0,0.05555555555555555,0.0,1913.5055416410557,0
IAH-ICT,10,15.6,4.0,0.0,0.0,874.3855765905812,0
IAH-IND,24,1.3478260869565217,-7.0,0.041666666666666664,0.0,1359.7930089422189,0
IAH-ISN,5,-1.8,-1.0,0.0,0.0,2143.5316653598516,0
IAH-JAN,22,9.80952380952381,0.0,0.045454545454545456,0.0,563.9032088239159,0
IAH-JAX,11,29.545454545454547,7.0,0.0,0.0,1311.9321581180075,0
IAH-LAS,40,8.487179487179487,-6.0,0.025,0.0,1963.1587769505586,0
IAH-LAX,82,17.695121951219512,3.0,0.0,0.0,2215.3660139570206,0
IAH-LBB,20,-0.2631578947368421,-5.0,0.05,0.0,736.5668467549768,0
IAH-LCH,22,-6.619047619047619,-12.0,0.045454545454545456,0.0,204.32676269769127,0
IAH-LEX,6,2.6,1.0,0.16666666666666666,0.0,1332.9685336227224,0
IAH-LFT,31,6.166666666666667,-3.0,0.03225806451612903,0.0,323.4483608887371,0
IAH-LGA,46,10.5,-5.0,0.0,0.0,2277.2706551705896,0
IAH-LIT,32,-1.84375,-8.0,0.0,0.0,603.6299889264681,0
IAH-LRD,19,1.7647058823529411,0.0,0.10526315789473684,0.0,484.54040228361947,0
IAH-MAF,37,-0.8888888888888888,-7.5,0.02702702702702703,0.0,689.5704293701407,0
IAH-MCI,30,11.931034482758621,-6.0,0.03333333333333333,0.0,1037.5909591587965,0
IAH-MCO,50,20.916666666666668,0.0,0.02,0.02,1371.144924208019,0
IAH-MEM,28,4.153846153846154,-2.5,0.07142857142857142,0.0,754.514497783849,0
IAH-MFE,26,13.681818181818182,-1.5,0.11538461538461539,0.038461538461538464,509.70953660386385,0
IAH-MIA,57,9.589285714285714,-1.0,0.017543859649122806,0.0,1549.1459418607606,0
IAH-MKE,12,3.1666666666666665,6.0,0.0,0.0,1586.4144622110052,0
IAH-MLU,15,-0.9333333333333333,-10.0,0.0,0.0,421.50580316443296,0
IAH-MOB,20,22.4,1.0,0.0,0.0,685.5417739393392,0
IAH-MSP,49,2.3958333333333335,-7.5,0.02040816326530612,0.0,1667.2176575463773,0
IAH-MSY,58,3.1578947368421053,0.0,0.017241379310344827,0.0,489.38115827653064,0
IAH-OKC,16,0.6,-3.0,0.0625,0.0,637.9091150370066,0
IAH-OMA,26,2.4166666666666665,-5.0,0.07692307692307693,0.0,1259.9428564100929,0
IAH-ONT,12,10.818181818181818,-4.0,0.08333333333333333,0.0,2142.5681270791893,0
IAH-ORD,77,17.68421052631579,1.0,0.012987012987012988,0.0,1491.0932535403215,0
IAH-PBI,11,12.363636363636363,4.0,0.0,0.0,1535.0700298426382,0
IAH-PDX,12,4.545454545454546,1.0,0.08333333333333333,0.0,2934.1099127907123,0
IAH-PHL,41,11.878048780487806,-10.0,0.0,0.0,2129.6123212104962,0
IAH-PHX,56,11.696428571428571,2.5,0.0,0.0,1620.89131263022,0
IAH-PIA,5,-4.0,4.0,0.0,0.0,1292.9581748742924,0
IAH-PIT,17,4.9411764705882355,-4.0,0.0,0.0,1797.6777513595007,0
IAH-PNS,21,3.15,0.0,0.047619047619047616,0.0,784.9869192148439,0
IAH-RIC,10,6.4,5.0,0.0,0.0,1860.055364256963,0
IAH-RSW,9,13.444444444444445,10.0,0.0,0.0,1383.5015631877218,0
IAH-SAN,31,3.806451612903226,-5.0,0.0,0.0,2093.380220414167,0
IAH-SAT,38,13.842105263157896,-0.5,0.0,0.0,306.19874804938564,0
IAH-SAV,5,5.8,7.0,0.0,0.0,1366.663910575307,0
IAH-SDF,11,2.090909090909091,-1.0,0.0,0.0,1268.3672009749757,0
IAH-SEA,36,5.027777777777778,2.5,0.0,0.0,3013.85625989459,0
IAH-SFO,43,10.44186046511628,-5.0,0.0,0.0,2627.5100433529205,0
IAH-SHV,23,9.173913043478262,1.0,0.0,0.0,309.71811002231016,0
IAH-SJC,8,-10.0,-12.0,0.0,0.0,2583.5407500439155,0
IAH-SJU,13,15.692307692307692,-5.0,0.0,0.0,3227.647101637048,0
IAH-SLC,33,-0.06060606060606061,-5.0,0.0,0.0,1922.7494567937042,0
IAH-SMF,8,-4.5,-5.5,0.0,0.0,2586.272286851359,0
IAH-SNA,30,7.0344827586206895,-7.0,0.0,0.03333333333333333,2163.110931820628,0
IAH-STL,17,0.8235294117647058,-2.0,0.0,0.0,1076.2296513678746,0
IAH-TPA,37,12.405405405405405,1.0,0.0,0.0,1264.8075878666714,0
IAH-TUL,32,-1.8125,-6.5,0.0,0.0,693.280566454248,0
IAH-TUS,21,5.904761904761905,-4.0,0.0,0.0,1503.7104090726991,0
IAH-TYR,9,-9.777777777777779,-12.0,0.0,0.0,264.00738561852745,0
IAH-TYS,13,-0.5384615384615384,0.0,0.0,0.0,1240.8062311988176,0
IAH-VPS,17,8.117647058823529,-3.0,0.0,0.0,848.4344946060132,0
IAH-XNA,24,2.909090909090909,-0.5,0.08333333333333333,0.0,707.2391495094447,0
ICT-ATL,18,13.333333333333334,-6.5,0.0,0.0,1255.602028804559,0
ICT-DEN,20,7.631578947368421,-3.0,0.05,0.0,673.3818747401295,0
ICT-DFW,14,-0.23076923076923078,-7.0,0.07142857142857142,0.0,529.8400771911708,0
ICT-IAH,21,2.0952380952380953,3.0,0.0,0.0,874.3855765905811,0
ICT-MDW,7,-9.142857142857142,-9.0,0.0,0.0,946.3115555633104,0
ICT-MSP,7,-5.285714285714286,-4.0,0.0,0.0,877.5145756361371,0
ICT-ORD,35,-2.0,-6.5,0.02857142857142857,0.0,944.7345046590322,0
IDA-DEN,14,5.142857142857143,2.0,0.0,0.0,736.5733137168917,0
IDA-SLC,21,-7.857142857142857,-8.0,0.0,0.0,303.23189736029326,0
ILM-ATL,14,-8.785714285714286,-10.5,0.0,0.0,605.721236378773,0
ILM-CLT,5,-7.6,-13.0,0.0,0.0,296.94924117919317,0
IMT-RHI,7,-8.0,-14.0,0.0,0.0,107.06149267486934,0
IND-ATL,58,-1.1403508771929824,-5.0,0.0,0.017241379310344827,695.8880050922074,0
IND-BWI,18,15.0,-10.0,0.0,0.0,828.3626916390657,0
IND-CLT,9,-1.6666666666666667,-2.0,0.0,0.0,688.0588841144524,0
IND-DCA,13,2.0,-6.0,0.0,0.0,802.1032925750526,0
IND-DEN,28,-1.8518518518518519,-12.0,0.03571428571428571,0.0,1567.1431564042764,0
IND-DFW,30,12.3,-5.0,0.0,0.0,1223.9988203423068,0
IND-DTW,16,6.0,-5.5,0.0,0.0,371.59414622077526,0
IND-EWR,15,-2.857142857142857,-5.0,0.06666666666666667,0.0,1034.6218104732866,0
IND-FLL,7,-1.8571428571428572,-9.0,0.0,0.0,1620.8591724978953,0
IND-HOU,9,8.333333333333334,-11.0,0.0,0.0,1387.26443643792,0
IND-IAH,14,-9.153846153846153,-8.0,0.0,0.07142857142857142,1359.7930089422189,1
IND-LAS,17,-11.764705882352942,-16.0,0.0,0.0,2552.8812511236397,0
IND-LAX,15,-2.8,-7.0,0.0,0.0,2912.8845793784876,0
IND-MCI,7,-3.0,-5.0,0.0,0.0,723.5627266538783,0
IND-MCO,17,-0.23529411764705882,-8.0,0.0,0.0,1335.725995021912,0
IND-MSP,15,-1.4666666666666666,-6.0,0.0,0.0,807.9757473544358,0
IND-ORD,54,8.784313725490197,-9.0,0.05555555555555555,0.0,285.67700934001107,0
IND-PHX,17,-0.058823529411764705,-9.0,0.0,0.0,2390.53944117342,0
IND-RSW,15,3.2666666666666666,-9.0,0.0,0.0,1524.8143606170552,0
IND-SFO,11,-18.818181818181817,-17.0,0.0,0.0,3120.0112703593663,0
IND-TPA,10,-3.5,-11.0,0.0,0.0,1350.6753829741863,0
INL-HIB,7,15.428571428571429,-4.0,0.0,0.0,137.72029348664398,0
INL-MSP,6,18.666666666666668,3.5,0.0,0.0,410.0696708441924,0
ISN-DEN,13,0.3076923076923077,-4.0,0.0,0.0,928.6865727405772,0
ISN-MSP,16,-12.0,-14.5,0.0,0.0,876.8308432798713,0
ISP-BWI,14,-4.928571428571429,-8.5,0.0,0.0,353.29802279383773,0
ISP-FLL,13,9.384615384615385,-10.0,0.0,0.0,1761.4519519102919,0
ISP-MCO,17,-10.470588235294118,-15.0,0.0,0.0,1565.4031450095767,0
ISP-PBI,14,3.9285714285714284,0.0,0.0,0.0,1695.7717026619441,0
ISP-TPA,6,-5.8,-14.0,0.0,0.16666666666666666,1665.306060353528,1
ITO-HNL,92,0.8913043478260869,-3.5,0.0,0.0,348.0742416155584,0
ITO-LAX,5,-13.6,-15.0,0.0,0.0,3937.341917744795,0
ITO-OGG,11,2.909090909090909,-5.0,0.0,0.0,194.7758533063842,0
JAC-DEN,17,12.588235294117647,-10.0,0.0,0.0,653.5470762929268,0
JAC-DFW,7,13.285714285714286,17.0,0.0,0.0,1683.8229562012718,0
JAC-SLC,21,-10.333333333333334,-10.0,0.0,0.0,329.6640078274916,0
JAN-ATL,53,3.7115384615384617,-6.0,0.018867924528301886,0.0,547.1934456255634,0
JAN-DFW,44,13.595238095238095,0.5,0.045454545454545456,0.0,655.1965507933768,0
JAN-IAH,31,19.967741935483872,-4.0,0.0,0.0,563.9032088239159,0
JAN-ORD,14,1.4285714285714286,-4.0,0.0,0.0,1092.0615722911266,0
JAX-ATL,96,1.09375,-9.0,0.0,0.0,434.7178710955284,0
JAX-BNA,12,4.083333333333333,-4.5,0.0,0.0,778.8350002537464,0
JAX-BOS,11,1.4,-7.5,0.09090909090909091,0.0,1626.6699720004328,0
JAX-BWI,23,-2.260869565217391,-6.0,0.0,0.0,1068.0387332340779,0
JAX-CLT,25,8.6,-4.0,0.0,0.0,529.4189013329672,0
JAX-DCA,14,-3.2857142857142856,-15.5,0.0,0.0,1021.6396219745387,0
JAX-DEN,6,-19.666666666666668,-21.0,0.0,0.0,2324.3159437506306,0
JAX-DFW,22,-4.318181818181818,-10.0,0.0,0.0,1475.1615059088035,0
JAX-EWR,15,10.916666666666666,-5.5,0.2,0.0,1320.9504794459451,0
JAX-FLL,13,19.153846153846153,-2.0,0.0,0.0,514.0915694056711,0
JAX-IAH,10,-8.1,-8.5,0.0,0.0,1311.9321581180075,0
JAX-JFK,15,6.066666666666666,-4.0,0.0,0.0,1334.4643047364677,0
JAX-MDW,7,-0.5714285714285714,-6.0,0.0,0.0,1367.6699378660371,0
JAX-MIA,9,19.22222222222222,-1.0,0.0,0.0,540.3440845867876,0
JAX-ORD,12,9.666666666666666,2.0,0.0,0.0,1392.5170217917837,0
JAX-PHL,5,7.8,3.0,0.0,0.0,1195.2439694265956,0
JFK-ACK,7,3.142857142857143,-4.0,0.0,0.0,319.6613643964,0
JFK-ATL,27,-6.074074074074074,-14.0,0.0,0.0,1221.7272759674247,0
JFK-AUS,26,9.92,-7.0,0.038461538461538464,0.0,2445.454793376741,0
JFK-BNA,6,-18.75,-21.0,0.3333333333333333,0.0,1229.7564334038436,0
JFK-BOS,94,13.322222222222223,-7.0,0.0425531914893617,0.0,300.1885696065642,0
JFK-BQN,5,18.8,8.0,0.0,0.0,2542.9672557690037,0
JFK-BTV,13,-1.2307692307692308,-6.0,0.0,0.0,429.33247929569654,0
JFK-BUF,27,20.51851851851852,-8.0,0.0,0.0,483.69737758051764,0
JFK-BUR,6,-22.166666666666668,-22.5,0.0,0.0,3958.371475967729,0
JFK-CHS,23,3.5652173913043477,-1.0,0.0,0.0,1024.9976675628216,0
JFK-CLE,6,-2.2,-3.0,0.16666666666666666,0.0,682.1650628941451,0
JFK-CLT,44,17.6046511627907,-3.0,0.022727272727272728,0.0,870.5247124298044,0
JFK-CMH,14,-7.153846153846154,-8.0,0.07142857142857142,0.0,775.5423282902323,0
JFK-CVG,8,33.142857142857146,-8.0,0.125,0.0,945.2568146621423,0
JFK-DCA,11,3.6,9.5,0.09090909090909091,0.0,342.21584145139155,0
JFK-DEN,13,-2.4615384615384617,-10.0,0.0,0.0,2609.355552970703,0
JFK-DFW,6,38.5,6.5,0.0,0.0,2234.873243388618,0
JFK-DTW,6,-3.6,-6.0,0.16666666666666666,0.0,816.3451648061897,0
JFK-FLL,77,3.5844155844155843,-4.0,0.0,0.0,1723.286591334612,0
JFK-HNL,7,2.4285714285714284,-10.0,0.0,0.0,8006.726455727877,0
JFK-IAD,15,13.333333333333334,-5.0,0.0,0.0,366.313643872392,0
JFK-JAX,14,16.46153846153846,6.0,0.07142857142857142,0.0,1334.4643047364677,0
JFK-LAS,60,-0.603448275862069,-5.0,0.03333333333333333,0.0,3609.2979951687307,0
JFK-LAX,204,-4.695,-8.0,0.00980392156862745,0.00980392156862745,3974.1989459913993,0
JFK-LGB,7,-11.428571428571429,-5.0,0.0,0.0,3958.293086380451,0
JFK-MCO,98,1.0206185567010309,-5.0,0.0,0.01020408163265306,1521.7230116462872,0
JFK-MIA,54,8.75,-9.5,0.018518518518518517,0.018518518518518517,1757.1086073997658,0
JFK-MSP,11,-8.818181818181818,-24.0,0.0,0.0,1650.8674635042946,0
JFK-MSY,16,14.1875,-10.5,0.0,0.0,1901.4871760948215,0
JFK-ORD,18,5.882352941176471,-5.0,0.05555555555555555,0.0,1187.8110221426743,0
JFK-ORF,5,9.6,-11.0,0.0,0.0,466.34497617894556,0
JFK-PBI,34,-2.0303030303030303,-9.0,0.029411764705882353,0.0,1657.139416954608,0
JFK-PDX,20,-1.9,-10.0,0.0,0.0,3938.827246217594,0
JFK-PHX,39,-8.078947368421053,-7.5,0.02564102564102564,0.0,3457.789960019868,0
JFK-PWM,20,8.65,-9.0,0.0,0.0,439.92958091826114,0
JFK-RDU,31,2.4827586206896552,-7.0,0.06451612903225806,0.0,686.4921687222915,0
JFK-RNO,5,-7.2,-7.0,0.0,0.0,3870.2098646410145,0
JFK-ROC,13,4.916666666666667,-10.0,0.07692307692307693,0.0,424.0540370260204,0
JFK-RSW,22,-1.1904761904761905,-5.0,0.045454545454545456,0.0,1731.6405676535933,0
JFK-SAN,21,-4.842105263157895,-7.0,0.047619047619047616,0.047619047619047616,3928.0082671603236,1
JFK-SAT,6,-8.0,-11.5,0.0,0.0,2550.8475033908394,0
JFK-SAV,12,-1.4166666666666667,-3.0,0.0,0.0,1155.4694050643088,0
JFK-SEA,44,1.7906976744186047,-6.0,0.022727272727272728,0.0,3886.6618947709703,0
JFK-SFO,171,-3.988235294117647,-12.0,0.005847953216374269,0.0,4151.771691842443,0
JFK-SJC,12,2.8181818181818183,-15.0,0.0,0.08333333333333333,4124.810923455446,1
JFK-SJU,71,3.1267605633802815,-10.0,0.0,0.0,2577.913737186907,0
JFK-SLC,34,0.7647058823529411,-6.0,0.0,0.0,3193.5823299741,0
JFK-SRQ,6,7.333333333333333,9.0,0.0,0.0,1677.997473690324,0
JFK-STT,14,30.571428571428573,-15.0,0.0,0.0,2618.76580755771,0
JFK-SYR,11,48.72727272727273,-4.0,0.0,0.0,335.6060605535475,0
JFK-TPA,46,3.727272727272727,-10.5,0.043478260869565216,0.0,1619.5233013632894,0
JLN-DFW,9,36.333333333333336,5.0,0.0,0.0,526.6240375830912,0
JMS-DEN,8,-2.0,-6.0,0.0,0.0,922.6118024262959,0
JMS-DVL,5,-3.4,-5.0,0.0,0.0,132.84670065145662,0
JNU-ANC,20,3.2,-2.0,0.0,0.0,915.9193807341296,0
JNU-KTN,7,-2.5714285714285716,-1.0,0.0,0.0,376.1127676391831,0
JNU-SEA,33,9.6875,3.0,0.030303030303030304,0.0,1460.517081595291,0
JNU-SIT,13,6.076923076923077,-9.0,0.0,0.0,152.72256372688958,0
JNU-YAK,6,-4.166666666666667,-2.5,0.0,0.0,318.37057209231887,0
KOA-HNL,108,-0.037383177570093455,-2.0,0.009259259259259259,0.0,262.7822276132488,0
KOA-LAX,26,2.1538461538461537,-13.5,0.0,0.0,4025.6310701704383,0
KOA-OAK,5,-9.0,-13.0,0.0,0.0,3824.8591950441287,0
KOA-OGG,11,20.0,-6.0,0.0,0.0,135.07106708346222,0
KOA-SEA,12,-2.9166666666666665,-5.0,0.0,0.0,4326.695109312265,0
KOA-SFO,15,5.733333333333333,-6.0,0.0,0.0,3808.024004515035,0
KOA-SJC,6,-21.666666666666668,-23.0,0.0,0.0,3834.0887103693453,0
KTN-SEA,21,6.142857142857143,-8.0,0.0,0.0,1092.746251766266,0
KTN-SIT,7,1.0,-1.0,0.0,0.0,293.6865818074205,0
LAN-DTW,11,1.5454545454545454,-19.0,0.0,0.0,119.50101492456719,0
LAN-MSP,12,9.25,1.0,0.0,0.0,730.1846256342648,0
LAN-ORD,12,-6.0,-6.5,0.0,0.0,286.5647527955884,0
LAR-DEN,10,40.7,-0.5,0.0,0.0,182.67682200902155,0
LAS-ABQ,31,9.0,-1.0,0.0,0.0,781.1318283644001,0
LAS-ALB,5,-15.6,-18.0,0.0,0.0,3591.4273692968977,0
LAS-ATL,75,3.493333333333333,-4.0,0.0,0.0,2804.8569419910646,0
LAS-AUS,17,14.882352941176471,2.0,0.0,0.0,1751.1617084653415,0
LAS-BHM,8,3.125,3.5,0.0,0.0,2598.1643171409037,0
LAS-BNA,18,7.055555555555555,2.5,0.0,0.0,2548.888892358121,0
LAS-BOI,10,7.2,3.0,0.0,0.0,837.1759078572834,0
LAS-BOS,32,3.375,-2.0,0.0,0.0,3822.687457652798,0
LAS-BUF,11,-6.2727272727272725,-5.0,0.0,0.0,3189.474844329969,0
LAS-BUR,45,8.533333333333333,-1.0,0.0,0.0,358.683432153272,0
LAS-BWI,48,7.5,-3.5,0.0,0.0,3381.1479230368336,0
LAS-CLE,27,-3.7037037037037037,-12.0,0.0,0.0,2929.4628441203827,0
LAS-CLT,30,-0.36666666666666664,-2.5,0.0,0.0,3076.6098883228665,0
LAS-CMH,10,17.7,-8.0,0.0,0.0,2842.811318546959,0
LAS-CVG,17,10.058823529411764,-6.0,0.0,0.0,2694.9004607941747,0
LAS-DAL,31,5.258064516129032,0.0,0.0,0.0,1713.0810890351868,0
LAS-DCA,5,1.0,9.0,0.0,0.0,3353.594573948713,0
LAS-DEN,113,12.575221238938052,-3.0,0.0,0.0,1009.7216283059807,0
LAS-DFW,72,15.471428571428572,-7.0,0.027777777777777776,0.0,1694.9321260734343,0
LAS-DTW,44,21.454545454545453,-1.0,0.0,0.0,2808.407866188407,0
LAS-ELP,9,4.0,-2.0,0.0,0.0,938.0097512204437,0
LAS-EWR,22,-8.714285714285714,-12.0,0.045454545454545456,0.0,3576.020659179237,0
LAS-FLL,10,10.2,3.5,0.0,0.0,3492.130840488321,0
LAS-FNT,5,-9.4,-12.0,0.0,0.0,2782.554459645091,0
LAS-GEG,17,-2.1176470588235294,-5.0,0.0,0.0,1298.0334593336179,0
LAS-HNL,16,9.0,-3.0,0.0,0.0,4440.410773682335,0
LAS-HOU,26,4.153846153846154,-3.0,0.0,0.0,1984.6939751393525,0
LAS-IAD,14,3.0714285714285716,-8.5,0.0,0.0,3316.4664224426047,0
LAS-IAH,57,13.649122807017545,-1.0,0.0,0.0,1963.1587769505586,0
LAS-ICT,6,12.333333333333334,5.0,0.0,0.0,1583.5736438991335,0
LAS-IND,12,4.916666666666667,-3.5,0.0,0.0,2552.8812511236397,0
LAS-JFK,62,4.774193548387097,-9.0,0.0,0.0,3609.2979951687307,0
LAS-LAX,184,12.010928961748634,2.0,0.005434782608695652,0.0,379.99091735125336,0
LAS-LGB,20,6.4,-6.0,0.0,0.0,371.4785768672852,0
LAS-LIT,6,-0.3333333333333333,-0.5,0.0,0.0,2078.644240326599,0
LAS-MAF,11,19.727272727272727,-5.0,0.0,0.0,1277.95800378772,0
LAS-MCI,26,11.346153846153847,-4.0,0.0,0.0,1829.505640232739,0
LAS-MCO,18,1.8333333333333333,-6.5,0.0,0.0,3275.51873231285,0
LAS-MDW,48,-1.0222222222222221,-7.0,0.0,0.0625,2441.9005318814147,1
LAS-MIA,24,1.4166666666666667,-8.0,0.0,0.0,3494.1890022266502,0
LAS-MKE,16,21.5,-4.0,0.0,0.0,2446.965012349058,0
LAS-MSP,49,-3.204081632653061,-10.0,0.0,0.0,2088.078511452666,0
LAS-MSY,17,4.0625,0.0,0.0,0.058823529411764705,2409.5980380626333,1
LAS-OAK,53,4.433962264150943,-3.0,0.0,0.0,654.2763381367024,0
LAS-OKC,17,24.0,0.0,0.0,0.0,1583.866746069607,0
LAS-OMA,21,2.7,-3.5,0.0,0.047619047619047616,1764.8911504683597,1
LAS-ONT,14,7.642857142857143,3.5,0.0,0.0,316.74119522857546,0
LAS-ORD,67,5.575757575757576,-3.5,0.014925373134328358,0.0,2431.748903580499,0
LAS-PDX,40,7.075,-5.0,0.0,0.0,1227.6058472288519,0
LAS-PHL,43,6.880952380952381,-2.5,0.023255813953488372,0.0,3494.428325217051,0
LAS-PHX,111,5.495412844036697,-4.0,0.018018018018018018,0.0,411.1517289001198,0
LAS-PIT,6,4.833333333333333,-3.5,0.0,0.0,3066.5808809897135,0
LAS-RDU,9,17.0,-3.0,0.0,0.0,3252.8439308754587,0
LAS-RNO,41,4.634146341463414,-2.0,0.0,0.0,555.7065499414341,0
LAS-SAN,73,7.287671232876712,0.0,0.0,0.0,416.41613072432426,0
LAS-SAT,20,6.15,0.5,0.0,0.0,1717.5037116470958,0
LAS-SDF,7,8.0,8.0,0.0,0.0,2607.332984261632,0
LAS-SEA,70,6.840579710144928,-9.0,0.014285714285714285,0.0,1395.0799790981764,0
LAS-SFO,116,10.017241379310345,-3.0,0.0,0.0,664.841022026509,0
LAS-SJC,55,3.672727272727273,-2.0,0.0,0.0,620.4240614981288,0
LAS-SLC,68,3.514705882352941,-1.5,0.0,0.0,591.9346508547867,0
LAS-SMF,40,5.625,-4.0,0.0,0.0,638.6250403069691,0
LAS-SNA,38,3.7837837837837838,-2.0,0.02631578947368421,0.0,364.48609084137814,0
LAS-STL,19,8.789473684210526,-7.0,0.0,0.0,2202.7547574268015,0
LAS-TPA,7,18.142857142857142,6.0,0.0,0.0,3187.4815914106907,0
LAS-TUL,9,6.777777777777778,1.0,0.0,0.0,1727.0980582452837,0
LAS-TUS,20,0.85,-3.5,0.0,0.0,586.95142379168,0
LAW-DFW,25,16.217391304347824,-7.0,0.08,0.0,225.44408469194207,0
LAX-ABQ,34,8.0,3.0,0.029411764705882353,0.0,1087.5617277238468,0
LAX-ANC,9,-7.333333333333333,-5.0,0.0,0.0,3770.8046598678784,0
LAX-ASE,21,10.333333333333334,2.0,0.0,0.0,1184.5160223216692,0
LAX-ATL,117,-2.8974358974358974,-6.0,0.0,0.0,3125.8143046290666,0
LAX-AUS,50,16.98,-3.0,0.0,0.0,1994.3565507223088,0
LAX-BNA,28,-0.21428571428571427,-1.5,0.0,0.0,2886.3266623773666,0
LAX-BOI,15,18.8,-1.0,0.0,0.0,1086.443480403276,0
LAX-BOS,70,-3.8405797101449277,-9.0,0.014285714285714285,0.0,4193.034682371208,0
LAX-BWI,17,-3.588235294117647,-13.0,0.0,0.0,3739.9263616372814,0
LAX-CLD,7,3.2857142857142856,-1.0,0.0,0.0,138.47440304657147,0
LAX-CLE,18,8.764705882352942,-8.0,0.05555555555555555,0.0,3296.460097352997,0
LAX-CLT,37,-1.3783783783783783,-3.0,0.0,0.0,3412.536895559101,0
LAX-CMH,14,-1.6923076923076923,0.0,0.07142857142857142,0.0,3204.0723198935093,0
LAX-COS,9,-0.4444444444444444,-6.0,0.0,0.0,1339.2852505222213,0
LAX-CVG,5,3.0,0.0,0.0,0.0,3051.418265940572,0
LAX-DAL,43,10.023255813953488,3.0,0.0,0.0,2001.2393904984651,0
LAX-DCA,16,-0.5,-1.0,0.0,0.0,3710.9016681395433,0
LAX-DEN,90,7.426966292134831,-5.0,0.011111111111111112,0.0,1385.4610508382416,0
LAX-DFW,114,3.52212389380531,-5.0,0.008771929824561403,0.0,1983.2701122004137,0
LAX-DTW,33,-1.7272727272727273,-2.0,0.0,0.0,3178.412891284536,0
LAX-ELP,14,3.2142857142857144,-3.0,0.0,0.0,1147.572917385859,0
LAX-EUG,8,18.5,-2.5,0.0,0.0,1205.315010793664,0
LAX-EWR,75,1.4383561643835616,-4.0,0.02666666666666667,0.0,3941.0181240683187,0
LAX-FAT,33,6.787878787878788,0.0,0.0,0.0,336.72931357323955,0
LAX-FLL,27,10.653846153846153,3.0,0.037037037037037035,0.0,3763.2265226744307,0
LAX-HNL,93,9.817204301075268,1.0,0.0,0.0,4108.155663897506,0
LAX-HOU,29,3.9285714285714284,1.5,0.034482758620689655,0.0,2232.396962949658,0
LAX-IAD,66,-2.106060606060606,-8.0,0.0,0.0,3674.0340701857904,0
LAX-IAH,70,12.63768115942029,2.0,0.014285714285714285,0.0,2215.3660139570206,0
LAX-IND,19,-8.105263157894736,-7.0,0.0,0.0,2912.8845793784876,0
LAX-JAC,5,5.5,-7.5,0.0,0.2,1262.4254141055249,1
LAX-JFK,203,5.921182266009852,-5.0,0.0,0.0,3974.1989459914,0
LAX-KOA,31,3.066666666666667,-2.5,0.03225806451612903,0.0,4025.6310701704383,0
LAX-LAS,140,8.007194244604317,-2.0,0.007142857142857143,0.0,379.99091735125336,0
LAX-LIH,22,-3.7142857142857144,-5.0,0.045454545454545456,0.0,4203.009194997907,0
LAX-MCI,21,3.2857142857142856,-3.0,0.0,0.0,2189.656328766783,0
LAX-MCO,42,1.7317073170731707,-4.0,0.023809523809523808,0.0,3561.6915223929573,0
LAX-MDW,26,-3.04,-6.0,0.0,0.038461538461538464,2811.5356379651253,0
LAX-MEM,6,8.166666666666666,1.0,0.0,0.0,2599.721330556055,0
LAX-MIA,46,1.2666666666666666,-6.0,0.0,0.021739130434782608,3762.6366801658064,0
LAX-MKE,12,16.916666666666668,-3.0,0.0,0.0,2820.5955452233466,0
LAX-MRY,25,21.0,-5.0,0.08,0.0,428.559654792789,0
LAX-MSP,49,-1.2448979591836735,-7.0,0.0,0.0,2467.599283172038,0
LAX-MSY,37,12.91891891891892,3.0,0.0,0.0,2682.8597015235428,0
LAX-OAK,101,8.63265306122449,1.0,0.0297029702970297,0.0,542.735023550168,0
LAX-OGG,46,4.021739130434782,-4.5,0.0,0.0,3995.4474773327793,0
LAX-ORD,145,3.992957746478873,-4.0,0.020689655172413793,0.0,2802.164212217366,0
LAX-PDX,50,0.92,-9.5,0.0,0.0,1343.0747573493732,0
LAX-PHL,15,-0.8666666666666667,-10.0,0.0,0.0,3856.31533715977,0
LAX-PHX,120,5.441666666666666,-0.5,0.0,0.0,594.7324791325159,0
LAX-PSP,17,-2.176470588235294,-7.0,0.0,0.0,176.0030952764203,0
LAX-RDM,8,3.0,-4.0,0.0,0.0,1170.5541038978897,0
LAX-RDU,11,6.545454545454546,-2.0,0.0,0.0,3594.53876884324,0
LAX-RNO,34,7.09375,-1.5,0.029411764705882353,0.029411764705882353,629.5579884469968,0
LAX-SAN,73,10.602739726027398,-2.0,0.0,0.0,175.73289564040545,0
LAX-SAT,25,13.2,2.0,0.0,0.0,1944.6550510623135,0
LAX-SBA,24,6.086956521739131,-2.0,0.041666666666666664,0.0,142.30153765295603,0
LAX-SBP,29,3.4285714285714284,-2.0,0.034482758620689655,0.0,250.09215386443117,0
LAX-SEA,122,-1.721311475409836,-6.0,0.0,0.0,1536.9074147427825,0
LAX-SFO,240,16.41350210970464,0.0,0.0125,0.0,543.1721828553782,0
LAX-SJC,111,8.763636363636364,-1.0,0.009009009009009009,0.0,495.6609629573166,0
LAX-SLC,102,12.33,-0.5,0.0196078431372549,0.0,949.3277853865142,0
LAX-SMF,106,14.854368932038835,0.0,0.02830188679245283,0.0,600.4068145280069,0
LAX-STL,30,4.137931034482759,-7.0,0.0,0.03333333333333333,2557.627949255226,0
LAX-TPA,13,-0.3076923076923077,-6.0,0.0,0.0,3466.4305289517706,0
LAX-TUS,54,11.314814814814815,0.5,0.0,0.0,724.9308358793891,0
LBB-AUS,11,-3.8181818181818183,-8.0,0.0,0.0,549.7991331441018,0
LBB-DAL,28,8.107142857142858,-4.0,0.0,0.0,471.0108266476722,0
LBB-DEN,13,11.692307692307692,-7.0,0.0,0.0,733.8304350917008,0
LBB-DFW,15,27.642857142857142,5.0,0.06666666666666667,0.0,452.93326798587617,0
LBB-IAH,14,-7.5,-7.5,0.0,0.0,736.5668467549768,0
LBB-LAS,7,-10.714285714285714,-10.0,0.0,0.0,1244.2695179521895,0
LBE-FLL,5,11.8,-4.0,0.0,0.0,1580.8570098820705,0
LBE-LAS,5,7.0,-3.0,0.0,0.0,3137.7403477942053,0
LBE-MCO,6,44.666666666666664,25.0,0.0,0.0,1328.864817097133,0
LCH-DFW,12,38.63636363636363,-4.0,0.0,0.08333333333333333,474.8729593665926,1
LCH-IAH,14,0.46153846153846156,-9.0,0.07142857142857142,0.0,204.32676269769127,0
LEX-ATL,36,15.382352941176471,-8.0,0.05555555555555555,0.0,489.1360717331179,0
LEX-DFW,8,4.857142857142857,-1.0,0.125,0.0,1261.165185873319,0
LEX-DTW,12,-1.2727272727272727,-7.0,0.08333333333333333,0.0,476.36675298085817,0
LEX-IAH,7,-4.857142857142857,-2.0,0.0,0.0,1332.9685336227224,0
LEX-ORD,32,-1.8620689655172413,-10.0,0.09375,0.0,520.6145738687511,0
LFT-ATL,27,11.037037037037036,-4.0,0.0,0.0,809.0368120014678,0
LFT-DFW,24,2.1666666666666665,-4.0,0.0,0.0,564.2077976626479,0
LFT-IAH,37,4.054054054054054,-7.0,0.0,0.0,323.4483608887371,0
LGA-ATL,142,1.9774436090225564,-9.0,0.06338028169014084,0.0,1224.505424768238,0
LGA-BHM,7,15.166666666666666,22.0,0.14285714285714285,0.0,1392.6298629349837,0
LGA-BNA,33,-1.3666666666666667,-12.5,0.09090909090909091,0.0,1227.6762995230367,0
LGA-BOS,112,10.160377358490566,-5.0,0.05357142857142857,0.0,296.6949245054596,0
LGA-BUF,11,19.8,9.5,0.09090909090909091,0.0,468.7457402313579,0
LGA-CHO,6,-19.25,-25.0,0.16666666666666666,0.16666666666666666,490.50371480203233,1
LGA-CLE,45,8.69047619047619,-10.0,0.06666666666666667,0.0,671.9147763500383,0
LGA-CLT,60,15.135593220338983,0.0,0.016666666666666666,0.0,874.9312349692087,0
LGA-CMH,31,18.20689655172414,0.0,0.06451612903225806,0.0,768.4356432802367,0
LGA-DAL,41,3.225,-16.5,0.0,0.024390243902439025,2219.0287876257207,0
LGA-DAY,8,8.285714285714286,-6.0,0.125,0.0,881.7943047193165,0
LGA-DCA,77,2.8472222222222223,-9.5,0.06493506493506493,0.0,344.78607921003834,0
LGA-DEN,57,5.125,-1.5,0.017543859649122806,0.0,2599.3856158945578,0
LGA-DFW,82,3.9878048780487805,-7.5,0.0,0.0,2231.3417314273966,0
LGA-DTW,79,19.373333333333335,1.0,0.05063291139240506,0.0,804.7554443155435,0
LGA-FLL,89,11.275862068965518,-6.0,0.011235955056179775,0.011235955056179775,1734.5781041689254,0
LGA-GRR,7,-5.666666666666667,-15.0,0.14285714285714285,0.0,992.3171616541762,0
LGA-GSO,20,17.473684210526315,4.0,0.05,0.0,741.0909254929626,0
LGA-HOU,19,-12.88888888888889,-31.0,0.05263157894736842,0.0,2295.583767144047,0
LGA-IAH,32,4.275862068965517,-8.0,0.0625,0.03125,2277.2706551705896,0
LGA-MCI,11,27.22222222222222,7.0,0.18181818181818182,0.0,1777.6930630768636,0
LGA-MCO,65,6.39344262295082,-3.0,0.046153846153846156,0.015384615384615385,1531.2945890012054,0
LGA-MDW,39,-0.46153846153846156,-12.0,0.0,0.0,1163.9307425221905,0
LGA-MHT,6,-1.0,-3.0,0.0,0.0,313.3867780434924,0
LGA-MIA,94,2.89010989010989,-8.0,0.031914893617021274,0.0,1768.3744927107139,0
LGA-MKE,23,5.476190476190476,-17.0,0.08695652173913043,0.0,1184.6628252443688,0
LGA-MSP,32,-2.0625,-8.5,0.0,0.0,1637.6609287442227,0
LGA-MSY,7,-7.0,-2.0,0.0,0.0,1903.3742331325545,0
LGA-MYR,6,7.333333333333333,3.5,0.0,0.0,906.893930401096,0
LGA-ORD,152,5.197278911564626,-9.0,0.03289473684210526,0.0,1177.0286099007237,0
LGA-ORF,8,24.125,15.5,0.0,0.0,476.46752094078556,0
LGA-PBI,49,7.469387755102041,-4.0,0.0,0.0,1668.3059087353881,0
LGA-RDU,26,16.208333333333332,8.5,0.07692307692307693,0.0,693.0060073967181,0
LGA-RIC,24,3.4285714285714284,-10.0,0.125,0.0,469.7568881113004,0
LGA-RSW,10,2.4,-8.5,0.0,0.0,1741.6075008899272,0
LGA-SAV,8,8.0,-6.0,0.0,0.0,1162.9448625852626,0
LGA-SDF,7,12.0,10.0,0.5714285714285714,0.0,1057.6109144830011,0
LGA-SRQ,6,6.5,1.5,0.0,0.0,1687.015836181067,0
LGA-STL,28,10.12,8.0,0.10714285714285714,0.0,1425.0305785294997,0
LGA-TPA,32,4.0,-7.0,0.03125,0.0,1628.2978595703732,0
LGA-XNA,12,-1.5,-8.0,0.0,0.0,1841.6222039536099,0
LGB-BOS,6,0.8333333333333334,2.5,0.0,0.0,4178.356133601841,0
LGB-JFK,12,0.8181818181818182,-11.0,0.08333333333333333,0.0,3958.293086380451,0
LGB-LAS,21,19.0,-6.0,0.0,0.0,371.4785768672852,0
LGB-OAK,18,6.9411764705882355,1.0,0.05555555555555555,0.0,568.3562134824,0
LGB-PDX,18,2.388888888888889,-6.0,0.0,0.0,1362.431983971052,0
LGB-SEA,12,1.0833333333333333,-4.5,0.0,0.0,1555.1943200398982,0
LGB-SFO,22,19.318181818181817,4.5,0.0,0.0,569.0938000891013,0
LGB-SLC,37,-6.444444444444445,-7.5,0.02702702702702703,0.0,947.5558854448916,0
LGB-SMF,7,1.2857142857142858,-6.0,0.0,0.0,623.7824099973747,0
LIH-HNL,101,-1.4455445544554455,-3.0,0.0,0.0,163.63196036070286,0
LIH-LAX,28,-6.535714285714286,-15.5,0.0,0.0,4203.009194997907,0
LIH-OGG,24,0.16666666666666666,-1.5,0.0,0.0,323.9858597839741,0
LIH-PHX,6,-17.166666666666668,-17.0,0.0,0.0,4787.522055615701,0
LIH-SEA,6,-7.166666666666667,-15.0,0.0,0.0,4345.009536926071,0
LIH-SFO,6,-12.0,-12.0,0.0,0.0,3934.0996184631917,0
LIT-ATL,35,0.2857142857142857,-12.0,0.0,0.0,727.1763892259552,0
LIT-DAL,25,14.6,-2.0,0.0,0.0,476.0460967163932,0
LIT-DEN,10,-3.8,-5.0,0.0,0.0,1238.0617471250775,0
LIT-DFW,19,9.894736842105264,1.0,0.0,0.0,489.08807686955794,0
LIT-DTW,7,-13.571428571428571,-12.0,0.0,0.0,1134.1861808956924,0
LIT-IAH,33,-0.48484848484848486,-6.0,0.0,0.0,603.6299889264681,0
LIT-MDW,5,-5.8,-8.0,0.0,0.0,876.1029450023345,0
LIT-ORD,31,3.6129032258064515,-9.0,0.0,0.0,889.5210853615007,0
LNK-ATL,7,-12.0,-13.0,0.0,0.0,1352.2072475652349,0
LNK-DEN,15,2.4,-10.0,0.0,0.0,678.8544594836198,0
LNK-MSP,7,14.714285714285714,8.0,0.0,0.0,532.8962552440477,0
LNK-ORD,26,-0.8846153846153846,-7.5,0.0,0.0,748.6237324587676,0
LRD-DFW,23,2.3181818181818183,-4.0,0.0,0.043478260869565216,639.0375283811208,1
LRD-IAH,15,-2.0,-9.0,0.0,0.0,484.54040228361947,0
LSE-MSP,6,-9.833333333333334,-15.5,0.0,0.0,191.47444891315538,0
LSE-ORD,20,-3.65,-12.5,0.0,0.0,345.06820080333847,0
LWS-SLC,15,-5.533333333333333,-8.0,0.0,0.0,741.5807660022095,0
MAF-DAL,26,18.846153846153847,-0.5,0.0,0.0,512.2353777609266,0
MAF-DEN,17,-6.8125,-8.0,0.058823529411764705,0.0,907.6658621941294,0
MAF-DFW,18,-7.0,-9.0,0.0,0.0,496.18379864734914,0
MAF-HOU,19,1.7222222222222223,-6.0,0.05263157894736842,0.0,708.7059174600478,0
MAF-IAH,31,0.3,-7.5,0.03225806451612903,0.0,689.5704293701407,0
MAF-LAS,7,-0.8571428571428571,-8.0,0.0,0.0,1277.95800378772,0
MBS-DTW,8,3.1666666666666665,4.0,0.25,0.0,158.48504992758598,0
MBS-ORD,22,-2.3333333333333335,-13.0,0.045454545454545456,0.0,356.8056049994166,0
MCI-ATL,58,6.948275862068965,-8.5,0.0,0.0,1113.2100312752516,0
MCI-BNA,19,3.736842105263158,-1.0,0.0,0.0,789.6244850518931,0
MCI-BWI,7,15.285714285714286,-5.0,0.0,0.0,1551.663065835194,0
MCI-CLT,32,10.03125,-3.0,0.0,0.0,1298.9426779255634,0
MCI-DAL,30,-0.26666666666666666,-4.5,0.0,0.0,742.4836947122149,0
MCI-DCA,11,2.4545454545454546,1.0,0.0,0.0,1524.2422241836664,0
MCI-DEN,27,-1.48,-9.0,0.0,0.07407407407407407,854.8541369349193,1
MCI-DFW,60,9.203389830508474,-2.0,0.016666666666666666,0.0,741.7269403443647,0
MCI-DTW,37,3.027027027027027,-7.0,0.0,0.0,1009.7098845043662,0
MCI-EWR,13,1.0833333333333333,-5.0,0.07692307692307693,0.0,1753.0165749167268,0
MCI-FLL,5,2.8,-12.0,0.0,0.0,1999.5434789850326,0
MCI-HOU,10,12.5,9.0,0.0,0.0,1074.5163157093136,0
MCI-IAH,23,8.454545454545455,0.5,0.043478260869565216,0.0,1037.5909591587965,0
MCI-IND,12,5.909090909090909,0.0,0.08333333333333333,0.0,723.5627266538781,0
MCI-LAS,26,-9.884615384615385,-11.5,0.0,0.0,1829.505640232739,0
MCI-LAX,8,-10.625,-11.0,0.0,0.0,2189.656328766783,0
MCI-LGA,9,-1.8888888888888888,0.0,0.0,0.0,1777.6930630768636,0
MCI-MCO,21,3.0952380952380953,-7.0,0.0,0.0,1725.6670334001221,0
MCI-MDW,51,-0.3469387755102041,-6.0,0.0392156862745098,0.0,649.8029723248058,0
MCI-MKE,13,1.0,-10.0,0.0,0.0,700.1803200322157,0
MCI-MSP,34,1.6764705882352942,-4.5,0.0,0.0,632.9322867971416,0
MCI-OAK,7,-7.714285714285714,-8.0,0.0,0.0,2390.571991584043,0
MCI-ORD,46,13.818181818181818,-6.5,0.021739130434782608,0.021739130434782608,647.0778240468052,0
MCI-PHX,22,1.1363636363636365,-2.0,0.0,0.0,1676.6107108623246,0
MCI-SAN,10,24.2,3.5,0.0,0.0,2142.265029074496,0
MCI-SEA,8,-2.5,-2.0,0.0,0.0,2391.623114900672,0
MCI-SFO,13,-2.6153846153846154,-8.0,0.0,0.0,2406.33564430857,0
MCI-SLC,10,-12.3,-15.5,0.0,0.0,1476.5065680817065,0
MCI-STL,14,10.428571428571429,-1.0,0.0,0.0,381.0207077445367,0
MCI-TPA,7,12.857142857142858,-7.0,0.0,0.0,1686.849549092649,0
MCO-ACY,17,14.705882352941176,-8.0,0.0,0.0,1373.8145020465154,0
MCO-ALB,7,28.714285714285715,28.0,0.0,0.0,1729.274327023821,0
MCO-ATL,136,-2.448529411764706,-8.5,0.0,0.0,650.7990358251087,0
MCO-AUS,18,-4.333333333333333,-9.5,0.0,0.0,1596.343666509811,0
MCO-BDL,22,5.636363636363637,-4.0,0.0,0.0,1692.553010100157,0
MCO-BHM,12,-1.0833333333333333,-9.5,0.0,0.0,770.7771102446019,0
MCO-BNA,22,5.318181818181818,-4.5,0.0,0.0,992.711533277668,0
MCO-BOS,47,12.25531914893617,-2.0,0.0,0.0,1806.3553775176777,0
MCO-BQN,5,-0.2,-4.0,0.0,0.0,1817.75060010774,0
MCO-BUF,26,14.26923076923077,-5.0,0.0,0.0,1630.1780958901513,0
MCO-BWI,61,11.783333333333333,-2.5,0.01639344262295082,0.0,1269.2725473873822,0
MCO-CAK,10,4.7,-3.0,0.0,0.0,1388.585427846133,0
MCO-CLE,27,4.592592592592593,-6.0,0.0,0.0,1444.3427773425753,0
MCO-CLT,66,3.4545454545454546,-1.5,0.0,0.0,755.2910384725902,0
MCO-CMH,25,-1.44,-8.0,0.0,0.0,1294.4943998262795,0
MCO-CVG,20,12.55,-10.0,0.0,0.0,1220.1908314576167,0
MCO-DAL,20,0.2631578947368421,-10.0,0.0,0.05,1563.5846421442511,1
MCO-DAY,5,-0.8,-12.0,0.0,0.0,1303.2382493065702,0
MCO-DCA,55,4.925925925925926,-4.5,0.01818181818181818,0.0,1224.3870989017084,0
MCO-DEN,49,-2.875,-4.5,0.02040816326530612,0.0,2485.214430386568,0
MCO-DFW,64,2.6984126984126986,-6.0,0.0,0.015625,1581.7047539919577,0
MCO-DTW,45,0.15555555555555556,-8.0,0.0,0.0,1543.5417156975732,0
MCO-EWR,86,13.797619047619047,-5.0,0.023255813953488372,0.0,1511.211176720081,0
MCO-FLL,12,9.0,4.5,0.0,0.0,286.12820539161373,0
MCO-FNT,6,20.5,8.0,0.0,0.0,1630.9900589354436,0
MCO-HOU,19,-7.631578947368421,-9.0,0.0,0.0,1363.3290307083648,0
MCO-HPN,14,0.07692307692307693,-7.0,0.07142857142857142,0.0,1566.217604435796,0
MCO-IAD,28,0.8928571428571429,-5.5,0.0,0.0,1222.2688792118686,0
MCO-IAH,48,9.595744680851064,-4.0,0.020833333333333332,0.0,1371.144924208019,0
MCO-IND,22,1.1363636363636365,-3.5,0.0,0.0,1335.725995021912,0
MCO-ISP,16,17.8,-2.0,0.0625,0.0,1565.4031450095767,0
MCO-JFK,91,20.344827586206897,-4.0,0.02197802197802198,0.02197802197802198,1521.7230116462874,0
MCO-LAS,9,-1.6666666666666667,-12.0,0.0,0.0,3275.51873231285,0
MCO-LAX,31,-2.6129032258064515,-6.0,0.0,0.0,3561.6915223929573,0
MCO-LBE,5,11.6,-6.0,0.0,0.0,1328.864817097133,0
MCO-LGA,53,-1.04,-5.0,0.018867924528301886,0.03773584905660377,1531.2945890012054,0
MCO-MCI,10,-15.3,-15.0,0.0,0.0,1725.6670334001224,0
MCO-MDW,48,4.555555555555555,-6.0,0.041666666666666664,0.020833333333333332,1595.228459664512,0
MCO-MEM,9,4.333333333333333,-2.0,0.0,0.0,1099.844954853705,0
MCO-MHT,13,40.23076923076923,-1.0,0.0,0.0,1840.167940796906,0
MCO-MIA,62,20.177419354838708,-1.0,0.0,0.0,310.14272590355563,0
MCO-MKE,14,3.0,-2.0,0.0,0.07142857142857142,1718.8403046033347,1
MCO-MSP,30,-3.7,-7.0,0.0,0.0,2109.8304061507943,0
MCO-MSY,21,6.0,-3.0,0.0,0.0,884.8633050047132,0
MCO-ORD,71,7.428571428571429,-9.5,0.014084507042253521,0.0,1619.993711331547,0
MCO-ORF,7,5.142857142857143,-3.0,0.0,0.0,1055.6560008686363,0
MCO-ORH,5,6.4,-5.0,0.0,0.0,1758.224011102863,0
MCO-PHL,82,12.695121951219512,-3.0,0.0,0.0,1388.8696689599844,0
MCO-PHX,21,-3.619047619047619,-4.0,0.0,0.0,2968.6880318907165,0
MCO-PIT,20,11.263157894736842,-3.0,0.0,0.05,1344.9361081722511,1
MCO-PSE,5,25.8,0.0,0.0,0.0,1898.3563992882678,0
MCO-PVD,33,21.03125,0.5,0.030303030303030304,0.0,1727.8436238712375,0
MCO-RDU,20,14.6,-2.5,0.0,0.0,861.687872565539,0
MCO-RIC,13,25.46153846153846,4.0,0.0,0.0,1075.583592197444,0
MCO-ROC,10,-2.7,-5.0,0.0,0.0,1665.7384023058335,0
MCO-SAN,7,10.0,-14.0,0.0,0.0,3450.8885502712474,0
MCO-SAT,6,-5.833333333333333,-2.5,0.0,0.0,1671.558163091078,0
MCO-SDF,6,-7.166666666666667,-4.5,0.0,0.0,1158.4784058303171,0
MCO-SEA,6,-10.333333333333334,-4.0,0.0,0.0,4104.238761910658,0
MCO-SFO,10,-9.3,-11.5,0.0,0.0,3928.5383611858038,0
MCO-SJU,62,4.967741935483871,-2.0,0.0,0.0,1913.8788788636866,0
MCO-SLC,17,3.4705882352941178,-9.0,0.0,0.0,3102.729480483223,0
MCO-STL,17,14.117647058823529,-7.0,0.0,0.0,1418.9642593827286,0
MCO-SWF,6,2.0,0.0,0.0,0.0,1593.980591560114,0
MCO-SYR,7,3.142857142857143,-11.0,0.0,0.0,1697.9809181833443,0
MCO-TTN,7,51.0,3.0,0.0,0.0,1445.24627691376,0
MDT-ATL,19,42.78947368421053,-5.0,0.0,0.0,996.7484817567216,0
MDT-CLT,5,28.8,11.0,0.0,0.0,664.4776822114791,0
MDT-DTW,12,6.083333333333333,-13.0,0.0,0.0,594.7031164684652,0
MDT-ORD,20,9.65,-3.0,0.0,0.0,953.8717075284509,0
MDW-ABQ,6,8.833333333333334,8.0,0.0,0.0,1800.9448959299498,0
MDW-ALB,8,23.0,17.5,0.0,0.0,1151.4947007464514,0
MDW-ATL,75,9.150684931506849,-6.0,0.02666666666666667,0.0,951.5922863794502,0
MDW-AUS,10,11.875,-1.5,0.2,0.0,1565.1573067188388,0
MDW-BDL,13,30.666666666666668,6.0,0.07692307692307693,0.0,1246.4223778057342,0
MDW-BHM,7,29.833333333333332,-9.0,0.14285714285714285,0.0,918.556489565596,0
MDW-BNA,39,8.842105263157896,-4.0,0.02564102564102564,0.0,636.3297512066963,0
MDW-BOS,25,12.44,1.0,0.0,0.0,1381.5130268656949,0
MDW-BUF,21,22.0,-9.0,0.0,0.0,751.7598750046628,0
MDW-BWI,34,6.529411764705882,-7.0,0.0,0.0,980.5538728081367,0
MDW-CHS,8,10.875,-1.0,0.0,0.0,1199.3991561921623,0
MDW-CLE,33,9.1875,-2.5,0.030303030303030304,0.0,492.5264579413307,0
MDW-CLT,11,-2.4444444444444446,1.0,0.18181818181818182,0.0,940.1451969211007,0
MDW-CMH,31,6.482758620689655,-2.0,0.06451612903225806,0.0,454.27402063419544,0
MDW-DAL,33,1.8484848484848484,-12.0,0.0,0.0,1277.2462214503344,0
MDW-DCA,50,-0.8863636363636364,-9.0,0.12,0.0,964.3888745420976,0
MDW-DEN,54,17.09259259259259,-5.0,0.0,0.0,1436.9307208106775,0
MDW-DSM,14,10.23076923076923,-8.0,0.07142857142857142,0.0,491.515220594304,0
MDW-DTW,54,20.037037037037038,2.0,0.0,0.0,366.91941660743316,0
MDW-EWR,32,3.0,-5.0,0.0625,0.0,1141.0801176481707,0
MDW-FLL,18,9.333333333333334,1.5,0.0,0.0,1880.686857765094,0
MDW-GSP,10,22.3,5.5,0.0,0.0,905.009076424032,0
MDW-HOU,29,5.428571428571429,-3.0,0.034482758620689655,0.0,1509.7995567168725,0
MDW-IAD,9,-7.444444444444445,-9.0,0.0,0.0,927.0826901997744,0
MDW-ICT,9,-0.3333333333333333,-1.0,0.0,0.0,946.3115555633105,0
MDW-LAS,47,1.7446808510638299,-4.0,0.0,0.0,2441.9005318814147,0
MDW-LAX,33,-1.393939393939394,-2.0,0.0,0.0,2811.5356379651253,0
MDW-LGA,35,20.205882352941178,-1.0,0.02857142857142857,0.0,1163.9307425221905,0
MDW-LIT,6,-2.0,-1.0,0.0,0.0,876.1029450023344,0
MDW-MCI,48,5.297872340425532,-5.0,0.020833333333333332,0.0,649.8029723248056,0
MDW-MCO,43,12.674418604651162,-4.0,0.0,0.0,1595.2284596645118,0
MDW-MEM,7,4.285714285714286,-7.0,0.0,0.0,774.4040831472399,0
MDW-MHT,18,16.88888888888889,2.0,0.0,0.0,1344.4796463202003,0
MDW-MSP,69,14.692307692307692,0.0,0.057971014492753624,0.0,559.9099512729656,0
MDW-MSY,15,-2.0,-10.0,0.0,0.0,1330.3859012108041,0
MDW-OAK,10,5.9,4.5,0.0,0.0,2960.8398783890752,0
MDW-OKC,6,-0.3333333333333333,-7.0,0.0,0.0,1111.3314983992086,0
MDW-OMA,21,16.38095238095238,0.0,0.0,0.0,679.4543309181253,0
MDW-ORF,7,-3.5,-7.5,0.14285714285714285,0.0,1131.1330963504377,0
MDW-PDX,13,-4.461538461538462,-5.0,0.0,0.0,2810.8938957216787,0
MDW-PHL,26,35.07692307692308,2.0,0.0,0.0,1072.9307232829,0
MDW-PHX,38,3.3157894736842106,0.0,0.0,0.0,2319.3418956425066,0
MDW-PIT,32,1.903225806451613,-3.0,0.03125,0.0,645.7180997649183,0
MDW-PVD,22,6.714285714285714,4.0,0.045454545454545456,0.0,1352.092277204998,0
MDW-RDU,19,12.5,1.5,0.05263157894736842,0.0,1016.1582930893536,0
MDW-ROC,9,4.888888888888889,4.0,0.0,0.0,839.6375103724482,0
MDW-RSW,23,0.9565217391304348,-5.0,0.0,0.0,1781.9949344827035,0
MDW-SAN,20,-9.368421052631579,-9.0,0.0,0.05,2775.972715124741,1
MDW-SAT,10,-8.1,-9.5,0.0,0.0,1668.410350747373,0
MDW-SDF,20,1.65,-5.5,0.0,0.0,436.7626318599062,0
MDW-SEA,6,3.0,1.0,0.0,0.0,2782.1929236289457,0
MDW-SFO,20,-1.5,0.0,0.0,0.0,2977.454334021198,0
MDW-SJC,6,-5.4,-4.0,0.16666666666666666,0.0,2950.351074996251,0
MDW-SLC,9,3.4444444444444446,-2.0,0.0,0.0,2020.4427725503945,0
MDW-SMF,11,-6.454545454545454,-11.0,0.0,0.0,2873.9441134153794,0
MDW-SNA,10,21.9,5.5,0.0,0.0,2780.938529839487,0
MDW-STL,45,13.477272727272727,1.5,0.022222222222222223,0.0,403.78994609703904,0
MDW-TPA,19,7.842105263157895,-2.0,0.0,0.0,1606.9053490462577,0
MDW-TUL,8,-8.142857142857142,-12.0,0.125,0.0,937.5145298843125,0
MDW-TUS,8,-16.375,-21.0,0.0,0.0,2313.8109957131037,0
MEI-PIB,18,-7.611111111111111,-14.5,0.0,0.0,111.0439773071689,0
MEM-ATL,46,-5.630434782608695,-9.5,0.0,0.0,532.7598027402429,0
MEM-CLT,13,-2.4615384615384617,-3.0,0.0,0.0,821.4722984428482,0
MEM-DAL,8,32.125,-0.5,0.0,0.0,679.3528851383805,0
MEM-DEN,15,4.2,-6.0,0.0,0.0,1400.8209254823407,0
MEM-DFW,10,-3.8,-4.0,0.0,0.0,693.2713391266656,0
MEM-DTW,5,-7.4,-11.0,0.0,0.0,982.6749680810317,0
MEM-EWR,18,-9.529411764705882,-12.0,0.05555555555555555,0.0,1520.2780954039176,0
MEM-HOU,12,6.916666666666667,4.5,0.0,0.0,779.6147262641858,0
MEM-IAH,30,11.827586206896552,-5.0,0.03333333333333333,0.0,754.5144977838489,0
MEM-MCO,10,1.7,-8.0,0.0,0.0,1099.844954853705,0
MEM-MDW,13,-7.166666666666667,-8.0,0.0,0.07692307692307693,774.4040831472399,1
MEM-MSP,7,-11.285714285714286,-11.0,0.0,0.0,1128.0071952104438,0
MEM-ORD,48,14.521739130434783,-7.0,0.041666666666666664,0.0,792.096906875818,0
MFE-DFW,29,10.931034482758621,-8.0,0.0,0.0,756.2085623441533,0
MFE-IAH,24,11.91304347826087,3.0,0.041666666666666664,0.0,509.70953660386385,0
MFR-DEN,9,26.22222222222222,-2.0,0.0,0.0,1547.4905505513757,0
MFR-SFO,24,4.916666666666667,-8.5,0.0,0.0,530.4579166031539,0
MFR-SLC,10,-16.2,-18.0,0.0,0.0,922.5663102120137,0
MGM-ATL,42,5.476190476190476,-1.5,0.0,0.0,236.35204057131185,0
MGM-DFW,11,-8.2,-7.5,0.0,0.09090909090909091,998.8067668730994,1
MHK-DFW,21,13.571428571428571,1.0,0.0,0.0,695.1938588926785,0
MHK-ORD,13,-10.333333333333334,-13.0,0.07692307692307693,0.0,804.5155402234153,0
MHT-BWI,31,-9.129032258064516,-11.0,0.0,0.0,605.6671252710038,0
MHT-DTW,9,-8.555555555555555,0.0,0.0,0.0,977.8769757389164,0
MHT-EWR,11,13.909090909090908,0.0,0.0,0.0,336.7104147255856,0
MHT-MCO,11,-12.909090909090908,-20.0,0.0,0.0,1840.167940796906,0
MHT-MDW,20,-1.5263157894736843,-9.0,0.0,0.05,1344.4796463202003,1
MHT-ORD,6,-7.666666666666667,-10.0,0.0,0.0,1352.9397247893548,0
MHT-TPA,14,7.285714285714286,-10.5,0.0,0.0,1939.4162269942183,0
MIA-ATL,93,7.782608695652174,-6.5,0.010752688172043012,0.0,959.3894787756446,0
MIA-BDL,12,8.0,-2.0,0.0,0.0,1925.7591870229674,0
MIA-BHM,6,-4.333333333333333,-7.0,0.0,0.0,1065.353196410815,0
MIA-BOS,45,8.977777777777778,-1.0,0.0,0.0,2028.2805274157106,0
MIA-BWI,20,12.157894736842104,7.0,0.05,0.0,1525.938762793182,0
MIA-CHS,7,-4.166666666666667,-0.5,0.14285714285714285,0.0,790.4551485484866,0
MIA-CLT,45,-2.5813953488372094,-6.0,0.044444444444444446,0.0,1049.3961335185663,0
MIA-CMH,10,15.4,5.0,0.0,0.0,1597.8442321431744,0
MIA-CVG,6,0.0,-4.0,0.0,0.0,1529.1654780806718,0
MIA-DCA,55,11.773584905660377,1.0,0.03636363636363636,0.0,1483.5930326355005,0
MIA-DEN,19,12.555555555555555,1.0,0.05263157894736842,0.0,2748.0691395546137,0
MIA-DFW,69,2.298507462686567,-9.0,0.028985507246376812,0.0,1802.065179478126,0
MIA-DTW,22,-9.090909090909092,-10.5,0.0,0.0,1846.9752679273363,0
MIA-EWR,43,5.465116279069767,-2.0,0.0,0.0,1750.5907452080583,0
MIA-EYW,13,7.0,-6.0,0.0,0.0,201.93031596456927,0
MIA-GNV,16,5.1875,0.5,0.0,0.0,475.12406938631983,0
MIA-IAD,13,2.769230769230769,-1.0,0.0,0.0,1486.1598518672376,0
MIA-IAH,39,8.368421052631579,-8.5,0.02564102564102564,0.0,1549.1459418607606,0
MIA-JAX,5,29.6,-9.0,0.0,0.0,540.3440845867876,0
MIA-JFK,62,3.1129032258064515,-8.5,0.0,0.0,1757.1086073997656,0
MIA-LAS,11,-5.181818181818182,-7.0,0.0,0.0,3494.18900222665,0
MIA-LAX,46,11.152173913043478,-3.0,0.0,0.0,3762.6366801658064,0
MIA-LGA,115,9.064814814814815,-2.5,0.034782608695652174,0.02608695652173913,1768.3744927107139,0
MIA-MCO,59,20.016949152542374,1.0,0.0,0.0,310.14272590355563,0
MIA-MSP,14,-1.2142857142857142,-5.0,0.0,0.0,2417.727431836212,0
MIA-MSY,13,-7.230769230769231,-10.0,0.0,0.0,1084.5961305346173,0
MIA-ORD,83,3.7439024390243905,-3.5,0.012048192771084338,0.0,1930.1271687583499,0
MIA-PHL,45,6.886363636363637,-1.0,0.022222222222222223,0.0,1634.2381053602828,0
MIA-PHX,13,-11.923076923076923,-12.0,0.0,0.0,3167.9055902093437,0
MIA-PNS,15,-1.0,-6.0,0.0,0.0,852.9886198804638,0
MIA-RDU,27,-4.074074074074074,-11.0,0.0,0.0,1130.4301739944299,0
MIA-SAN,11,-8.909090909090908,-10.0,0.0,0.0,3642.5210402553535,0
MIA-SEA,11,-0.09090909090909091,-10.0,0.0,0.0,4379.482722216372,0
MIA-SFO,17,-4.588235294117647,-2.0,0.0,0.0,4153.690412288066,0
MIA-SJU,39,13.435897435897436,4.0,0.0,0.0,1682.0133399830393,0
MIA-STL,13,19.692307692307693,-4.0,0.0,0.0,1721.0927177854242,0
MIA-STT,18,14.722222222222221,6.0,0.0,0.0,1780.8629137192995,0
MIA-STX,9,28.88888888888889,29.0,0.0,0.0,1833.3343416781581,0
MIA-TLH,8,26.125,8.5,0.0,0.0,648.3974247095681,0
MIA-TPA,40,12.325,0.0,0.0,0.0,329.15073576234283,0
MKE-ATL,48,-5.229166666666667,-7.5,0.0,0.0,1077.9819604257168,0
MKE-BOS,9,11.777777777777779,4.0,0.0,0.0,1380.5217202162275,0
MKE-BWI,14,-2.0,-15.5,0.0,0.0,1029.502370997819,0
MKE-CLE,15,-9.266666666666667,-13.0,0.0,0.0,526.6163570753868,0
MKE-CVG,7,12.571428571428571,6.0,0.0,0.0,511.6114646986255,0
MKE-DAL,5,-10.8,-16.0,0.0,0.0,1368.8566987012282,0
MKE-DCA,19,-10.210526315789474,-16.0,0.0,0.0,1018.8604894197924,0
MKE-DEN,40,-3.3076923076923075,-13.0,0.025,0.0,1437.6078086755065,0
MKE-DFW,26,-3.5384615384615383,-12.0,0.0,0.0,1373.6161849470086,0
MKE-DTW,34,-3.2058823529411766,-4.5,0.0,0.0,381.17036511033086,0
MKE-EWR,21,22.944444444444443,1.0,0.14285714285714285,0.0,1163.468445873842,0
MKE-FLL,5,-17.8,-15.0,0.0,0.0,2003.7841170698298,0
MKE-IAH,15,-4.5,-18.5,0.0,0.06666666666666667,1586.4144622110055,1
MKE-LAS,28,-3.75,-5.0,0.0,0.0,2446.965012349058,0
MKE-LAX,5,-24.4,-24.0,0.0,0.0,2820.5955452233466,0
MKE-LGA,16,-11.2,-13.0,0.0625,0.0,1184.6628252443688,0
MKE-MCI,7,-5.857142857142857,-7.0,0.0,0.0,700.1803200322157,0
MKE-MCO,19,-3.1052631578947367,-7.0,0.0,0.0,1718.8403046033347,0
MKE-MSP,35,-2.0,-9.0,0.0,0.0,477.19174516838973,0
MKE-ORD,81,11.371794871794872,-2.5,0.037037037037037035,0.0,107.59637639625034,0
MKE-PHX,21,-9.619047619047619,-8.0,0.0,0.0,2346.2312476494512,0
MKE-RSW,11,5.909090909090909,-8.0,0.0,0.0,1907.7472924277201,0
MKE-SEA,11,-7.818181818181818,-11.0,0.0,0.0,2719.3139141561396,0
MKE-SFO,11,-11.727272727272727,-9.0,0.0,0.0,2962.349847471068,0
MKE-STL,9,3.7777777777777777,-2.0,0.0,0.0,510.81025653651744,0
MKE-TPA,8,7.75,-9.0,0.0,0.0,1733.2046668356645,0
MKG-ORD,15,7.214285714285714,0.0,0.06666666666666667,0.0,190.04788092757374,0
MLB-ATL,26,-7.3076923076923075,-11.5,0.0,0.0,713.562522881676,0
MLI-ATL,17,18.58823529411765,5.0,0.0,0.0,1019.7380564515267,0
MLI-DEN,6,33.0,7.5,0.0,0.0,1206.0989014349711,0
MLI-DFW,19,6.833333333333333,5.0,0.05263157894736842,0.0,1112.3371308148255,0
MLI-ORD,30,6.310344827586207,-5.0,0.03333333333333333,0.0,223.98051098546554,0
MLU-ATL,21,7.333333333333333,-3.0,0.0,0.0,719.9968691301463,0
MLU-DFW,18,-5.777777777777778,-10.0,0.0,0.0,469.70539556810604,0
MLU-IAH,11,20.727272727272727,2.0,0.0,0.0,421.50580316443296,0
MOB-ATL,44,10.613636363636363,-0.5,0.0,0.0,486.2754663059664,0
MOB-DFW,24,8.818181818181818,1.0,0.08333333333333333,0.0,866.2289781415808,0
MOB-IAH,20,-9.789473684210526,-11.0,0.0,0.05,685.5417739393392,1
MOB-ORD,7,-0.2857142857142857,-6.0,0.0,0.0,1255.5511241177385,0
MOT-DEN,23,-5.695652173913044,-9.0,0.0,0.0,972.2920819481085,0
MOT-MSP,14,-6.214285714285714,-13.0,0.0,0.0,721.3081742122982,0
MQT-ORD,5,-19.8,-21.0,0.0,0.0,488.0600833160144,0
MRY-LAX,34,19.735294117647058,-4.0,0.0,0.0,428.559654792789,0
MRY-PHX,13,-1.8461538461538463,-5.0,0.0,0.0,961.266487537207,0
MRY-SFO,12,1.0833333333333333,-9.0,0.0,0.0,124.07111101406944,0
MSN-ATL,17,7.764705882352941,-3.0,0.0,0.0,1139.1460327947502,0
MSN-DEN,14,7.857142857142857,-10.5,0.0,0.0,1325.6020352591509,0
MSN-DFW,11,-9.1,-11.5,0.09090909090909091,0.0,1322.3980230161894,0
MSN-DTW,22,2.9545454545454546,-5.5,0.0,0.0,500.20927821185154,0
MSN-MSP,19,6.631578947368421,-5.0,0.0,0.0,365.6122024197751,0
MSN-ORD,46,4.369565217391305,-9.5,0.0,0.0,174.41017126807273,0
MSO-DEN,14,2.642857142857143,-2.0,0.0,0.0,1092.0079628091478,0
MSO-MSP,9,-5.333333333333333,-9.0,0.0,0.0,1626.1326998584793,0
MSO-SLC,23,-7.181818181818182,-9.0,0.043478260869565216,0.0,702.0642047121368,0
MSP-ABR,10,1.7,-5.0,0.0,0.0,412.857030045554,0
MSP-ANC,7,19.857142857142858,18.0,0.0,0.0,4042.3888890703615,0
MSP-ATL,65,-4.0625,-11.0,0.0,0.015384615384615385,1459.0547748273366,0
MSP-ATW,6,21.333333333333332,-5.5,0.0,0.0,378.45079522424857,0
MSP-BDL,9,-1.0,-9.0,0.0,0.0,1685.8278589473591,0
MSP-BIL,19,-4.631578947368421,-15.0,0.0,0.0,1200.338450415524,0
MSP-BIS,30,-0.5333333333333333,-6.5,0.0,0.0,619.9560096863421,0
MSP-BJI,11,42.27272727272727,-12.0,0.0,0.0,320.7755528510332,0
MSP-BNA,14,-6.857142857142857,-8.5,0.0,0.0,1118.7320106280367,0
MSP-BOI,17,-0.47058823529411764,-5.0,0.0,0.0,1832.9157380107174,0
MSP-BOS,32,-7.0,-14.0,0.0,0.0,1803.843949617016,0
MSP-BRD,11,-13.272727272727273,-14.0,0.0,0.0,183.25794332157002,0
MSP-BWI,19,4.833333333333333,-5.0,0.0,0.05263157894736842,1503.2187111566009,1
MSP-BZN,8,5.875,-6.5,0.0,0.0,1402.7205609618677,0
MSP-CID,10,2.2,-3.0,0.0,0.0,354.65478782640173,0
MSP-CLE,7,9.428571428571429,-8.0,0.0,0.0,998.563669692346,0
MSP-CLT,40,-1.675,-8.5,0.0,0.0,1495.676196254475,0
MSP-CMH,7,-4.142857142857143,-2.0,0.0,0.0,1005.1055808913503,0
MSP-CVG,5,-5.8,-7.0,0.0,0.0,958.7954074067122,0
MSP-DAY,7,1.4285714285714286,-3.0,0.0,0.0,922.3289603994792,0
MSP-DCA,30,5.966666666666667,-3.5,0.0,0.0,1494.428658454747,0
MSP-DEN,82,-4.878048780487805,-7.0,0.0,0.0,1092.408443416159,0
MSP-DFW,42,9.928571428571429,-2.0,0.0,0.0,1372.5986654541778,0
MSP-DIK,8,6.0,-0.5,0.0,0.0,771.9414313819209,0
MSP-DLH,7,-6.714285714285714,-9.0,0.0,0.0,232.05470268989666,0
MSP-DSM,6,1.1666666666666667,-1.5,0.0,0.0,373.7486592615267,0
MSP-DTW,42,7.738095238095238,-4.5,0.0,0.0,848.1888691960932,0
MSP-EWR,18,9.222222222222221,-10.0,0.0,0.0,1618.3218435731453,0
MSP-FAR,43,2.119047619047619,-5.5,0.023255813953488372,0.0,358.9824362501819,0
MSP-FCA,6,-12.166666666666666,-16.5,0.0,0.0,1646.415313289666,0
MSP-FLL,7,-5.857142857142857,-18.0,0.0,0.0,2395.668874579807,0
MSP-FNT,13,2.3846153846153846,-1.0,0.0,0.0,787.5215048845683,0
MSP-FSD,24,17.958333333333332,-3.0,0.0,0.0,315.7753809439881,0
MSP-FWA,7,33.714285714285715,29.0,0.0,0.0,783.5088884064874,0
MSP-GEG,10,18.5,-11.0,0.0,0.0,1886.401758880656,0
MSP-GFK,11,-0.6363636363636364,-6.0,0.0,0.0,456.5550525780584,0
MSP-GRB,18,15.944444444444445,6.5,0.0,0.0,404.5369547392854,0
MSP-GRR,13,11.384615384615385,-6.0,0.0,0.0,655.21186405122,0
MSP-HIB,12,0.9166666666666666,-9.0,0.0,0.0,280.1765847590928,0
MSP-IAD,11,-2.125,-6.0,0.2727272727272727,0.0,1458.2814555255964,0
MSP-IAH,30,22.17241379310345,1.0,0.0,0.03333333333333333,1667.2176575463775,0
MSP-ICT,14,6.357142857142857,2.5,0.0,0.0,877.5145756361371,0
MSP-IMT,5,-8.5,-8.5,0.0,0.2,412.0572207213316,1
MSP-IND,17,11.529411764705882,-5.0,0.0,0.0,807.9757473544358,0
MSP-INL,8,24.25,-6.0,0.0,0.0,410.0696708441924,0
MSP-ISN,19,-9.222222222222221,-8.0,0.05263157894736842,0.0,876.8308432798711,0
MSP-JFK,16,16.625,-14.0,0.0,0.0,1650.8674635042946,0
MSP-LAN,7,14.714285714285714,-6.0,0.0,0.0,730.1846256342649,0
MSP-LAS,35,8.8,2.0,0.0,0.0,2088.078511452666,0
MSP-LAX,55,-4.018867924528302,-8.0,0.01818181818181818,0.01818181818181818,2467.599283172038,0
MSP-LGA,42,2.0714285714285716,-3.5,0.0,0.0,1637.6609287442227,0
MSP-LNK,7,0.14285714285714285,-7.0,0.0,0.0,532.8962552440477,0
MSP-LSE,11,-3.8181818181818183,-3.0,0.0,0.0,191.47444891315538,0
MSP-MCI,36,5.75,-3.0,0.0,0.0,632.9322867971416,0
MSP-MCO,26,6.8076923076923075,-1.5,0.0,0.0,2109.8304061507943,0
MSP-MDW,54,2.019230769230769,-7.0,0.037037037037037035,0.0,559.9099512729656,0
MSP-MEM,6,4.0,3.0,0.0,0.0,1128.0071952104438,0
MSP-MIA,7,-4.0,-7.0,0.0,0.0,2417.727431836212,0
MSP-MKE,36,4.0,-4.0,0.0,0.0,477.1917451683897,0
MSP-MOT,14,6.642857142857143,-2.0,0.0,0.0,721.3081742122982,0
MSP-MSN,17,5.647058823529412,-6.0,0.0,0.0,365.6122024197751,0
MSP-MSO,6,5.333333333333333,-2.5,0.0,0.0,1626.1326998584793,0
MSP-MSY,5,-22.0,-18.0,0.0,0.0,1675.5451170744193,0
MSP-OKC,6,-2.8333333333333335,-3.5,0.0,0.0,1118.3873117866028,0
MSP-OMA,25,21.16,0.0,0.0,0.0,453.3136958000212,0
MSP-ORD,111,23.175925925925927,0.0,0.02702702702702703,0.0,536.5402191446494,0
MSP-PDX,33,3.303030303030303,-6.0,0.0,0.0,2289.0617044038613,0
MSP-PHL,43,-3.357142857142857,-7.0,0.023255813953488372,0.0,1574.0047800942555,0
MSP-PHX,73,-4.698630136986301,-10.0,0.0,0.0,2051.695662153925,0
MSP-PIT,5,10.2,15.0,0.0,0.0,1166.3293722732233,0
MSP-RAP,20,-3.210526315789474,-12.0,0.05,0.0,785.9485422795212,0
MSP-RDU,5,-6.8,-10.0,0.0,0.0,1575.7472079181382,0
MSP-RHI,16,-6.5625,-12.0,0.0,0.0,305.0934978352781,0
MSP-RST,10,-10.2,-12.5,0.0,0.0,122.21853997278768,0
MSP-RSW,17,-14.529411764705882,-16.0,0.0,0.0,2281.90253296945,0
MSP-SAN,19,-9.31578947368421,-11.0,0.0,0.0,2463.054873990999,0
MSP-SAT,6,38.5,12.0,0.0,0.0,1767.7469858807526,0
MSP-SBN,7,-10.857142857142858,-13.0,0.0,0.0,660.0048589261767,0
MSP-SEA,39,4.0,3.0,0.0,0.0,2245.247482608915,0
MSP-SFO,51,14.14,3.5,0.0196078431372549,0.0,2551.733435589374,0
MSP-SJC,14,11.571428571428571,-1.0,0.0,0.0,2530.444704264371,0
MSP-SLC,29,-1.103448275862069,-9.0,0.0,0.0,1591.866883914035,0
MSP-SMF,9,-8.0,-8.0,0.0,0.0,2436.8000423233952,0
MSP-SNA,14,-1.8571428571428572,-4.5,0.0,0.0,2446.0545266851877,0
MSP-STL,35,-4.457142857142857,-7.0,0.0,0.0,721.7463500014424,0
MSP-TPA,15,-2.8,-7.0,0.0,0.0,2104.4350299134685,0
MSP-TUL,6,-0.16666666666666666,-1.0,0.0,0.0,991.2950123274376,0
MSP-TUS,5,-3.0,-4.5,0.0,0.2,2087.489873781924,1
MSP-XNA,8,-4.25,-3.0,0.0,0.0,960.5230207894758,0
MSY-ATL,92,0.5,-7.5,0.0,0.0,683.9001469017398,0
MSY-AUS,8,13.75,13.0,0.0,0.0,713.290744505427,0
MSY-BNA,18,20.555555555555557,-6.5,0.0,0.0,758.8328291580997,0
MSY-BWI,13,-2.3846153846153846,-10.0,0.0,0.0,1606.1732357882652,0
MSY-CLT,23,13.608695652173912,-3.0,0.0,0.0,1047.220322063622,0
MSY-DAL,34,-5.411764705882353,-8.0,0.0,0.0,701.3402260195236,0
MSY-DCA,14,-1.6923076923076923,-7.0,0.0,0.07142857142857142,1559.3511830498358,1
MSY-DEN,23,3.909090909090909,-7.0,0.043478260869565216,0.0,1707.4552030305788,0
MSY-DFW,39,1.394736842105263,-7.0,0.02564102564102564,0.0,719.330562104333,0
MSY-DTW,21,15.285714285714286,-3.0,0.0,0.0,1492.4088863202633,0
MSY-EWR,20,-1.25,-12.0,0.0,0.0,1877.4341001057576,0
MSY-FLL,14,17.153846153846153,-4.0,0.07142857142857142,0.0,1082.8276223947755,0
MSY-HOU,54,4.5576923076923075,-5.0,0.037037037037037035,0.0,485.877638330454,0
MSY-IAH,46,8.0,-5.0,0.021739130434782608,0.0,489.38115827653064,0
MSY-JFK,18,-7.555555555555555,-11.5,0.0,0.0,1901.4871760948215,0
MSY-LAS,14,-2.0,-5.5,0.0,0.0,2409.598038062633,0
MSY-LAX,34,0.23529411764705882,-11.5,0.0,0.0,2682.8597015235428,0
MSY-LGA,6,-11.0,-10.0,0.0,0.0,1903.3742331325548,0
MSY-MCI,11,-10.545454545454545,-10.0,0.0,0.0,1111.5731702064527,0
MSY-MCO,23,2.217391304347826,-4.0,0.0,0.0,884.8633050047131,0
MSY-MDW,16,7.4,-3.0,0.0625,0.0,1330.3859012108041,0
MSY-MIA,11,26.09090909090909,-5.0,0.0,0.0,1084.5961305346173,0
MSY-MSP,6,4.833333333333333,2.5,0.0,0.0,1675.5451170744193,0
MSY-OAK,7,11.571428571428571,-4.0,0.0,0.0,3057.2281730452387,0
MSY-ORD,18,-1.375,-10.0,0.1111111111111111,0.0,1349.3657622966643,0
MSY-PHX,5,26.4,10.0,0.0,0.0,2088.6028911308968,0
MSY-SAN,8,-19.875,-20.0,0.0,0.0,2568.2329628578627,0
MSY-SEA,9,2.5555555555555554,5.0,0.0,0.0,3353.0054907921435,0
MSY-STL,11,7.454545454545454,-2.0,0.0,0.0,973.4785154041948,0
MSY-TPA,16,-2.4,-7.0,0.0625,0.0,783.9618128716571,0
MTJ-DEN,14,-13.285714285714286,-16.0,0.0,0.0,315.9915567201766,0
MYR-ATL,30,1.4333333333333333,-7.5,0.0,0.0,508.86620673640897,0
MYR-BOS,9,-7.125,-13.0,0.1111111111111111,0.0,1187.992694757864,0
MYR-DTW,6,-1.6666666666666667,-10.0,0.0,0.0,1024.4822798077182,0
MYR-FLL,7,1.4285714285714286,7.0,0.0,0.0,854.0532806130037,0
MYR-LGA,11,25.7,3.0,0.09090909090909091,0.0,906.893930401096,0
OAJ-ATL,28,5.607142857142857,-2.0,0.0,0.0,640.1306147380254,0
OAK-ABQ,15,-5.6,-8.0,0.0,0.0,1427.1997520695252,0
OAK-BNA,5,6.0,2.0,0.0,0.0,3145.555661114607,0
OAK-BOI,14,3.7857142857142856,-5.5,0.0,0.0,823.0647860070613,0
OAK-BUR,62,8.627118644067796,1.0,0.04838709677419355,0.0,523.4283002628097,0
OAK-BWI,8,26.125,-0.5,0.0,0.0,3928.057378271596,0
OAK-DAL,12,12.5,1.0,0.0,0.0,2357.7300316907604,0
OAK-DEN,23,3.0434782608695654,3.0,0.0,0.0,1537.265819352792,0
OAK-GEG,12,1.4166666666666667,-0.5,0.0,0.0,1164.891628995421,0
OAK-HNL,8,-3.875,0.0,0.0,0.0,3873.2751052165777,0
OAK-HOU,14,2.857142857142857,-2.0,0.0,0.0,2638.3534022652434,0
OAK-JFK,6,-0.3333333333333333,0.0,0.0,0.0,4135.1209881770865,0
OAK-LAS,58,-0.15789473684210525,-4.0,0.017241379310344827,0.0,654.2763381367023,0
OAK-LAX,108,14.847619047619048,5.0,0.027777777777777776,0.0,542.735023550168,0
OAK-LGB,9,-1.5555555555555556,-4.0,0.0,0.0,568.3562134824,0
OAK-LIH,5,20.8,0.0,0.0,0.0,3950.225675384336,0
OAK-MDW,17,-1.2941176470588236,-6.0,0.0,0.0,2960.8398783890752,0
OAK-OGG,12,-8.583333333333334,-10.0,0.0,0.0,3777.0180041865347,0
OAK-ONT,39,5.846153846153846,1.0,0.0,0.0,582.3273968561692,0
OAK-ORD,5,1.0,1.0,0.0,0.0,2947.314968718074,0
OAK-PDX,21,3.619047619047619,-4.0,0.0,0.0,875.3751992884439,0
OAK-PHX,48,4.127659574468085,-4.0,0.0,0.020833333333333332,1038.5230397205914,0
OAK-SAN,59,7.322033898305085,0.0,0.0,0.0,718.3654610522037,0
OAK-SEA,51,7.823529411764706,1.0,0.0,0.0,1081.6938848857574,0
OAK-SLC,50,-0.28,-5.0,0.0,0.0,944.8543719579843,0
OAK-SNA,50,3.7,-3.0,0.0,0.0,597.2075456771204,0
OGG-DFW,13,-20.923076923076923,-22.0,0.0,0.0,5962.41903817063,0
OGG-HNL,141,5.771428571428571,1.0,0.0070921985815602835,0.0,161.6585297084144,0
OGG-ITO,7,5.285714285714286,-1.0,0.0,0.0,194.77585330638416,0
OGG-KOA,15,-0.06666666666666667,-2.0,0.0,0.0,135.07106708346222,0
OGG-LAX,51,2.8627450980392157,-8.0,0.0,0.0,3995.4474773327793,0
OGG-LIH,18,3.7222222222222223,1.0,0.0,0.0,323.9858597839741,0
OGG-OAK,12,-12.083333333333334,-12.0,0.0,0.0,3777.0180041865347,0
OGG-PDX,12,-15.166666666666666,-14.0,0.0,0.0,4122.259819914897,0
OGG-PHX,7,-5.571428571428571,-3.0,0.0,0.0,4572.219128218574,0
OGG-SAN,10,-11.6,-9.5,0.0,0.0,4083.494237565387,0
OGG-SEA,15,13.333333333333334,3.0,0.0,0.0,4248.366200876567,0
OGG-SFO,28,-3.925925925925926,-4.0,0.03571428571428571,0.0,3760.3868868747677,0
OGG-SJC,17,-9.941176470588236,-11.0,0.0,0.0,3787.8888455724377,0
OGG-SMF,5,-15.2,-16.0,0.0,0.0,3866.2033724164166,0
OKC-ATL,41,5.725,-4.0,0.0,0.024390243902439025,1221.659760891799,0
OKC-BWI,6,-6.833333333333333,-8.5,0.0,0.0,1894.4651641612115,0
OKC-DAL,19,2.3684210526315788,-3.0,0.0,0.0,291.37118461884995,0
OKC-DEN,31,0.0,-7.0,0.0,0.0,795.6617436830531,0
OKC-DFW,44,6.738095238095238,-8.5,0.045454545454545456,0.0,282.4689612741933,0
OKC-DTW,8,8.25,-3.0,0.0,0.0,1446.2897526808536,0
OKC-HOU,15,-3.6,-6.0,0.0,0.0,675.1043568729833,0
OKC-IAH,18,32.55555555555556,-6.0,0.0,0.0,637.9091150370066,0
OKC-LAS,11,-9.0,-10.0,0.0,0.0,1583.8667460696067,0
OKC-LAX,9,0.6666666666666666,-5.0,0.0,0.0,1906.2102772045816,0
OKC-MDW,5,-11.2,-11.0,0.0,0.0,1111.3314983992086,0
OKC-MSP,9,1.5555555555555556,-1.0,0.0,0.0,1118.3873117866028,0
OKC-ORD,41,18.075,1.0,0.024390243902439025,0.0,1114.3338754964336,0
OKC-PHX,12,11.583333333333334,-10.5,0.0,0.0,1338.2092612538063,0
OKC-SFO,8,-13.75,-19.0,0.0,0.0,2221.5434015921774,0
OKC-SLC,12,-9.666666666666666,-10.0,0.0,0.0,1391.572409562198,0
OKC-STL,6,5.0,-8.0,0.0,0.0,742.5052347356008,0
OMA-ATL,28,-3.892857142857143,-9.5,0.0,0.0,1320.7990055031817,0
OMA-DEN,36,7.428571428571429,6.0,0.027777777777777776,0.0,757.7221094612435,0
OMA-DFW,22,14.714285714285714,2.0,0.045454545454545456,0.0,940.221980021111,0
OMA-DTW,12,-2.0833333333333335,-11.5,0.0,0.0,1044.5610738101745,0
OMA-EWR,11,-0.7,0.5,0.09090909090909091,0.0,1819.7715269238577,0
OMA-IAH,22,7.636363636363637,1.5,0.0,0.0,1259.9428564100929,0
OMA-LAS,17,-5.0588235294117645,-11.0,0.0,0.0,1764.8911504683597,0
OMA-LGA,5,58.4,-16.0,0.0,0.0,1842.8942704610313,0
OMA-MDW,36,0.14285714285714285,-9.0,0.027777777777777776,0.0,679.4543309181253,0
OMA-MSP,16,6.3125,-7.0,0.0,0.0,453.31369580002126,0
OMA-ORD,31,-0.13793103448275862,-7.0,0.06451612903225806,0.0,667.9382339733245,0
OMA-PHX,31,2.903225806451613,-3.0,0.0,0.0,1667.2123236423752,0
OMA-SEA,9,3.111111111111111,-6.0,0.0,0.0,2195.4358527464447,0
OMA-SLC,10,6.9,-0.5,0.0,0.0,1348.083022921463,0
OMA-STL,14,3.142857142857143,-6.0,0.0,0.0,550.0681249048134,0
OME-ANC,10,36.1,30.0,0.0,0.0,864.5424216880853,0
ONT-DEN,16,-4.875,-3.5,0.0,0.0,1316.0511868783315,0
ONT-DFW,25,-1.56,-5.0,0.0,0.0,1908.4493162889498,0
ONT-IAH,17,-1.411764705882353,-4.0,0.0,0.0,2142.5681270791893,0
ONT-LAS,16,8.8,2.0,0.0,0.0625,316.74119522857546,1
ONT-MDW,11,2.3636363636363638,-9.0,0.0,0.0,2739.5737557439434,0
ONT-OAK,26,6.615384615384615,1.5,0.0,0.0,582.3273968561692,0
ONT-PDX,13,-8.666666666666666,-9.5,0.07692307692307693,0.0,1350.7832940851636,0
ONT-PHX,59,7.706896551724138,1.0,0.01694915254237288,0.0,521.6768504433958,0
ONT-SEA,22,-8.136363636363637,-10.0,0.0,0.0,1540.367679342651,0
ONT-SFO,37,17.5,-4.5,0.02702702702702703,0.0,584.7604881782753,0
ONT-SJC,17,8.294117647058824,-4.0,0.0,0.0,536.3616701001824,0
ONT-SLC,20,-10.45,-12.0,0.0,0.0,897.8674396976633,0
ONT-SMF,35,5.5588235294117645,-3.5,0.02857142857142857,0.0,627.3020666092209,0
ORD-ABE,11,-2.0,-7.0,0.0,0.0,1050.3973610937187,0
ORD-ABQ,10,0.3333333333333333,-6.0,0.0,0.1,1795.99325888967,1
ORD-ALB,14,20.857142857142858,-1.0,0.0,0.0,1160.3632239892208,0
ORD-ALO,5,-2.0,-8.0,0.0,0.0,375.4253842231014,0
ORD-ANC,10,-2.0,-14.0,0.0,0.1,4568.321140760331,1
ORD-ASE,9,52.0,22.0,0.1111111111111111,0.0,1626.6048151686578,0
ORD-ATL,108,7.0095238095238095,-1.0,0.009259259259259259,0.018518518518518517,976.0579049102032,0
ORD-ATW,18,1.3529411764705883,-6.0,0.05555555555555555,0.0,258.15089594674515,0
ORD-AUS,40,25.263157894736842,-7.0,0.025,0.025,1574.6654505104605,0
ORD-AVL,12,14.545454545454545,-2.0,0.08333333333333333,0.0,863.2285482851559,0
ORD-AVP,5,22.0,0.0,0.0,0.0,1013.5260415414759,0
ORD-AZO,15,8.416666666666666,-8.5,0.2,0.0,196.11857643642267,0
ORD-BDL,23,4.136363636363637,-4.5,0.0,0.043478260869565216,1256.9433327796232,1
ORD-BHM,16,0.1875,-3.5,0.0,0.0,941.3136698154042,0
ORD-BMI,14,-11.692307692307692,-12.0,0.07142857142857142,0.0,187.17179731565525,0
ORD-BNA,68,8.123076923076923,-2.0,0.04411764705882353,0.0,659.5924973565045,0
ORD-BOI,12,34.166666666666664,13.5,0.0,0.0,2306.951352386814,0
ORD-BOS,122,3.559322033898305,-7.0,0.03278688524590164,0.0,1391.0375719025722,0
ORD-BTV,10,16.6,4.0,0.0,0.0,1225.3013548117467,0
ORD-BUF,31,6.586206896551724,-6.0,0.06451612903225806,0.0,759.593243066921,0
ORD-BWI,48,21.711111111111112,3.0,0.0625,0.0,997.9788490743327,0
ORD-BZN,9,1.2222222222222223,-8.0,0.0,0.0,1903.3393481113967,0
ORD-CAE,15,9.066666666666666,6.0,0.0,0.0,1073.0516548598691,0
ORD-CAK,20,8.95,-6.5,0.0,0.0,551.2645240472697,0
ORD-CHO,15,4.4,-1.0,0.0,0.0,909.9956920510311,0
ORD-CHS,16,9.4375,2.5,0.0,0.0,1224.1683795633112,0
ORD-CID,47,1.1818181818181819,-5.5,0.06382978723404255,0.0,315.0252759698313,0
ORD-CLE,73,8.71830985915493,-5.0,0.0273972602739726,0.0,506.59454296532346,0
ORD-CLT,79,8.320512820512821,-4.0,0.012658227848101266,0.0,964.6416361123792,0
ORD-CMH,56,4.283018867924528,-7.0,0.05357142857142857,0.0,474.82267735691556,0
ORD-CMI,22,-6.380952380952381,-11.0,0.045454545454545456,0.0,218.02179546609844,0
ORD-CMX,8,-2.125,-9.5,0.0,0.0,578.8206780740879,0
ORD-COS,20,5.4,0.5,0.0,0.0,1462.8879634629645,0
ORD-COU,16,22.0,-3.0,0.0625,0.0,506.9265775462566,0
ORD-CRW,11,-1.0,-7.0,0.0,0.0,669.2624858634641,0
ORD-CVG,65,4.311475409836065,-2.0,0.06153846153846154,0.0,425.98560450001247,0
ORD-CWA,21,13.428571428571429,1.0,0.0,0.0,342.1549947710185,0
ORD-DAY,47,10.2,-2.0,0.0425531914893617,0.0,386.1468327863772,0
ORD-DBQ,21,8.35,-6.5,0.047619047619047616,0.0,235.8009004352192,0
ORD-DCA,88,12.352941176470589,-5.0,0.03409090909090909,0.0,982.6239512602758,0
ORD-DEN,93,17.50537634408602,0.0,0.0,0.0,1425.6574026531105,0
ORD-DFW,127,15.346774193548388,-4.0,0.015748031496062992,0.007874015748031496,1290.7799614089354,0
ORD-DLH,11,-1.1818181818181819,-2.0,0.0,0.0,638.8390934101371,0
ORD-DSM,55,8.8,2.0,0.0,0.0,479.92995088222904,0
ORD-DTW,76,5.616438356164384,-9.0,0.039473684210526314,0.0,376.723779066191,0
ORD-EAU,11,0.8181818181818182,-3.0,0.0,0.0,431.8592754773301,0
ORD-ELM,12,-0.6666666666666666,-3.5,0.0,0.0,908.6414260099242,0
ORD-ELP,10,-2.2,-6.5,0.0,0.0,1987.6638182755628,0
ORD-ERI,9,7.666666666666667,6.0,0.0,0.0,638.1898087844511,0
ORD-EVV,25,-4.086956521739131,-14.0,0.08,0.0,439.44054152891266,0
ORD-EWR,66,8.646153846153846,3.0,0.015151515151515152,0.0,1154.4338845848017,0
ORD-FAR,26,12.6,-8.0,0.038461538461538464,0.0,894.5856349970402,0
ORD-FLL,43,-1.0,-7.0,0.0,0.0,1905.4835207995022,0
ORD-FNT,34,8.606060606060606,-10.0,0.029411764705882353,0.0,358.4035419899683,0
ORD-FSD,24,9.708333333333334,-3.0,0.0,0.0,742.4958324443813,0
ORD-FWA,32,-2.7,-11.0,0.0625,0.0,251.64722300622776,0
ORD-GRB,36,-0.1,-8.0,0.16666666666666666,0.0,279.1915884837738,0
ORD-GRR,63,-0.6666666666666666,-5.0,0.047619047619047616,0.0,219.65067281579857,0
ORD-GSO,7,-6.571428571428571,-8.0,0.0,0.0,948.5271381932833,0
ORD-GSP,11,-2.111111111111111,-4.0,0.18181818181818182,0.0,929.8973314339032,0
ORD-HNL,10,86.1,28.5,0.0,0.0,6819.179664615658,0
ORD-HPN,28,1.6296296296296295,-10.0,0.03571428571428571,0.0,1184.8719613753567,0
ORD-HSV,9,0.125,-6.0,0.1111111111111111,0.0,822.0012009239958,0
ORD-IAD,34,23.93548387096774,0.0,0.029411764705882353,0.058823529411764705,945.409211768464,1
ORD-IAH,60,13.789473684210526,1.0,0.05,0.0,1491.0932535403215,0
ORD-ICT,59,18.71698113207547,3.0,0.06779661016949153,0.03389830508474576,944.7345046590322,0
ORD-IND,48,0.20833333333333334,-6.0,0.0,0.0,285.67700934001107,0
ORD-JAC,7,6.285714285714286,10.0,0.0,0.0,1865.9375096146825,0
ORD-JAN,13,15.583333333333334,-16.5,0.07692307692307693,0.0,1092.0615722911266,0
ORD-JAX,5,9.0,-9.0,0.0,0.0,1392.5170217917837,0
ORD-JFK,30,0.0,-7.5,0.0,0.0,1187.8110221426743,0
ORD-LAN,15,2.466666666666667,-7.0,0.0,0.0,286.5647527955884,0
ORD-LAS,73,4.492957746478873,-6.0,0.0136986301369863,0.0136986301369863,2431.748903580499,0
ORD-LAX,120,2.1260504201680672,-8.0,0.008333333333333333,0.0,2802.164212217366,0
ORD-LEX,38,-2.0,-8.0,0.05263157894736842,0.0,520.6145738687511,0
ORD-LGA,168,9.13375796178344,-8.0,0.05357142857142857,0.011904761904761904,1177.0286099007237,0
ORD-LIT,35,3.303030303030303,-2.0,0.05714285714285714,0.0,889.5210853615007,0
ORD-LNK,22,10.75,3.0,0.09090909090909091,0.0,748.6237324587677,0
ORD-LSE,16,12.5625,-8.5,0.0,0.0,345.06820080333847,0
ORD-MBS,18,6.777777777777778,-1.0,0.0,0.0,356.8056049994166,0
ORD-MCI,31,5.935483870967742,-2.0,0.0,0.0,647.0778240468052,0
ORD-MCO,66,7.707692307692308,-1.0,0.015151515151515152,0.0,1619.993711331547,0
ORD-MDT,28,15.407407407407407,-7.0,0.0,0.03571428571428571,953.8717075284507,0
ORD-MEM,32,10.451612903225806,-5.0,0.03125,0.0,792.096906875818,0
ORD-MHK,13,-2.6666666666666665,-8.0,0.07692307692307693,0.0,804.5155402234153,0
ORD-MHT,7,44.5,37.0,0.14285714285714285,0.0,1352.939724789355,0
ORD-MIA,74,10.028169014084508,-5.0,0.013513513513513514,0.02702702702702703,1930.1271687583499,0
ORD-MKE,80,3.1333333333333333,-3.0,0.0625,0.0,107.59637639625035,0
ORD-MKG,8,15.714285714285714,1.0,0.125,0.0,190.04788092757374,0
ORD-MLI,31,6.129032258064516,-4.0,0.0,0.0,223.98051098546554,0
ORD-MOB,5,30.0,12.0,0.0,0.0,1255.5511241177383,0
ORD-MQT,7,-10.857142857142858,-16.0,0.0,0.0,488.0600833160144,0
ORD-MSN,59,-0.10526315789473684,-7.0,0.03389830508474576,0.0,174.41017126807273,0
ORD-MSP,97,17.484536082474225,2.0,0.0,0.0,536.5402191446494,0
ORD-MSY,20,14.5,-11.5,0.0,0.0,1349.3657622966643,0
ORD-OKC,31,18.1,2.0,0.03225806451612903,0.0,1114.3338754964336,0
ORD-OMA,35,4.794117647058823,-7.0,0.02857142857142857,0.0,667.9382339733245,0
ORD-ORF,8,6.5,0.5,0.0,0.0,1151.6990363892635,0
ORD-PAH,14,3.076923076923077,-4.0,0.07142857142857142,0.0,551.9920348229266,0
ORD-PBI,13,-2.3076923076923075,-8.0,0.0,0.0,1843.7864011357806,0
ORD-PDX,29,9.551724137931034,-3.0,0.0,0.0,2791.6047675058844,0
ORD-PHL,104,10.588235294117647,-7.0,0.019230769230769232,0.0,1088.3065526575483,0
ORD-PHX,78,4.871794871794871,-5.5,0.0,0.0,2313.1789920788106,0
ORD-PIA,35,1.0909090909090908,-9.0,0.05714285714285714,0.0,209.05518337239826,0
ORD-PIT,35,9.59375,-3.5,0.08571428571428572,0.0,662.2313932885038,0
ORD-PWM,6,3.0,-2.5,0.0,0.0,1444.421766474091,0
ORD-RAP,6,30.166666666666668,12.0,0.0,0.0,1251.3717145526468,0
ORD-RDU,30,2.1724137931034484,-3.0,0.03333333333333333,0.0,1039.2593626579,0
ORD-RIC,26,12.26923076923077,-5.0,0.0,0.0,1031.6709671397894,0
ORD-ROA,12,0.0,-13.0,0.0,0.0,852.9625295521734,0
ORD-ROC,21,-4.714285714285714,-8.0,0.0,0.0,847.1469837486194,0
ORD-RST,27,0.46153846153846156,-11.5,0.0,0.037037037037037035,430.97140710286726,0
ORD-RSW,36,18.264705882352942,1.0,0.027777777777777776,0.027777777777777776,1806.524117351995,0
ORD-SAN,42,-3.0,-4.5,0.0,0.0,2768.0933370510947,0
ORD-SAT,16,40.46666666666667,11.0,0.0625,0.0,1677.5292464090135,0
ORD-SAV,18,16.647058823529413,7.0,0.05555555555555555,0.0,1245.532849389444,0
ORD-SBN,22,19.15,-4.0,0.09090909090909091,0.0,134.7775056238588,0
ORD-SCE,13,17.272727272727273,2.0,0.15384615384615385,0.0,847.5590848088572,0
ORD-SDF,15,3.1333333333333333,-8.0,0.0,0.0,461.5523899727394,0
ORD-SEA,57,5.912280701754386,-6.0,0.0,0.0,2761.754473829739,0
ORD-SFO,140,5.963768115942029,-3.5,0.014285714285714285,0.0,2963.9738243571105,0
ORD-SGF,43,0.5609756097560976,-5.0,0.046511627906976744,0.0,705.2286742866438,0
ORD-SJC,11,14.454545454545455,12.0,0.0,0.0,2937.169666004213,0
ORD-SJU,18,-7.444444444444445,-11.0,0.0,0.0,3337.7374765236104,0
ORD-SLC,63,16.540983606557376,4.0,0.031746031746031744,0.0,2006.1559984731757,0
ORD-SMF,10,16.5,-2.0,0.0,0.0,2859.794599003945,0
ORD-SNA,38,-3.473684210526316,-7.0,0.0,0.0,2771.9914239336645,0
ORD-SPI,12,33.416666666666664,0.0,0.0,0.0,280.33234084138206,0
ORD-STL,43,1.0476190476190477,-6.5,0.023255813953488372,0.0,415.2007108962125,0
ORD-SUX,15,2.6,-13.0,0.0,0.0,699.9088659640759,0
ORD-SYR,39,-2.891891891891892,-11.0,0.05128205128205128,0.0,973.8527075646108,0
ORD-TOL,19,4.105263157894737,-4.0,0.0,0.0,342.43395534303187,0
ORD-TPA,44,29.15909090909091,4.0,0.0,0.0,1631.3525299976934,0
ORD-TUL,40,5.435897435897436,-6.0,0.025,0.0,941.5556809102256,0
ORD-TUS,9,35.0,9.0,0.0,0.0,2309.557684376297,0
ORD-TVC,28,3.125,-8.5,0.14285714285714285,0.0,359.90286139695047,0
ORD-TYS,36,8.342857142857143,-4.0,0.027777777777777776,0.0,764.5282005897994,0
ORD-XNA,49,13.319148936170214,-3.0,0.04081632653061224,0.0,839.9291562865426,0
ORF-ATL,53,-3.981132075471698,-7.0,0.0,0.0,829.4147180843357,0
ORF-BWI,13,6.615384615384615,3.0,0.0,0.0,256.88761894969275,0
ORF-CLT,12,-4.916666666666667,-9.5,0.0,0.0,465.36892357837627,0
ORF-DFW,9,-14.0,-18.0,0.0,0.0,1947.3153777451162,0
ORF-DTW,11,17.818181818181817,1.0,0.0,0.0,850.9460728536995,0
ORF-EWR,9,10.444444444444445,-1.0,0.0,0.0,457.5348470832248,0
ORF-IAH,10,19.3,12.0,0.0,0.0,1930.543284985195,0
ORF-LGA,7,6.0,3.0,0.0,0.0,476.46752094078556,0
ORF-MDW,9,-10.285714285714286,-14.0,0.2222222222222222,0.0,1131.1330963504377,0
ORF-ORD,16,15.571428571428571,9.5,0.125,0.0,1151.6990363892635,0
ORH-FLL,11,3.3,-7.5,0.09090909090909091,0.0,1952.7146458863817,0
OTZ-ANC,5,-7.75,-6.5,0.2,0.0,879.9268192796704,0
OTZ-OME,5,26.2,6.0,0.0,0.0,294.1484059174683,0
PAH-ORD,11,-1.8,-6.0,0.09090909090909091,0.0,551.9920348229266,0
PBI-ATL,62,2.4193548387096775,-7.0,0.0,0.0,878.3120239901201,0
PBI-BOS,25,12.56,1.0,0.0,0.0,1929.4919846055498,0
PBI-BWI,14,38.142857142857146,3.0,0.0,0.0,1425.10433370332,0
PBI-CLT,25,-3.48,-8.0,0.0,0.0,952.0111634480461,0
PBI-DCA,21,5.619047619047619,-2.0,0.0,0.0,1382.7470328794939,0
PBI-DFW,19,-5.5,-13.5,0.05263157894736842,0.0,1772.0209604529184,0
PBI-EWR,42,11.048780487804878,-4.0,0.023809523809523808,0.0,1650.3824344572272,0
PBI-HPN,21,12.904761904761905,-4.0,0.0,0.0,1703.3704698668846,0
PBI-ISP,10,28.625,12.0,0.2,0.0,1695.7717026619441,0
PBI-JFK,33,18.5625,-4.0,0.030303030303030304,0.0,1657.139416954608,0
PBI-LGA,47,21.08695652173913,-3.0,0.02127659574468085,0.0,1668.305908735388,0
PBI-ORD,8,16.75,2.0,0.0,0.0,1843.7864011357806,0
PBI-PHL,19,6.947368421052632,2.0,0.0,0.0,1533.7035715897348,0
PDX-ANC,24,-12.041666666666666,-13.0,0.0,0.0,2476.7578796143343,0
PDX-ATL,16,-8.25,-10.0,0.0,0.0,3488.980866066852,0
PDX-BOS,7,10.571428571428571,9.0,0.0,0.0,4072.281076291569,0
PDX-BUR,20,-0.2,-6.0,0.0,0.0,1316.408830572975,0
PDX-CLT,5,-6.4,-13.0,0.0,0.0,3664.452145726004,0
PDX-DEN,56,-1.0,-5.5,0.0,0.0,1592.7639973754794,0
PDX-DFW,28,-1.5555555555555556,-6.0,0.03571428571428571,0.0,2597.134681764552,0
PDX-HNL,15,-6.466666666666667,-4.0,0.0,0.0,4188.215704562279,0
PDX-IAH,13,-4.6923076923076925,-11.0,0.0,0.0,2934.109912790712,0
PDX-JFK,13,-1.3076923076923077,-12.0,0.0,0.0,3938.8272462175946,0
PDX-KOA,5,-27.6,-23.0,0.0,0.0,4195.9286331766425,0
PDX-LAS,52,6.6923076923076925,-3.0,0.0,0.0,1227.6058472288519,0
PDX-LAX,56,8.339285714285714,-4.0,0.0,0.0,1343.0747573493732,0
PDX-LGB,6,-2.5,-2.5,0.0,0.0,1362.431983971052,0
PDX-MCI,6,-12.0,-13.0,0.0,0.0,2378.743406418886,0
PDX-MDW,13,1.3076923076923077,-4.0,0.0,0.0,2810.8938957216787,0
PDX-MSP,25,-7.333333333333333,-6.0,0.0,0.04,2289.0617044038613,0
PDX-OAK,23,7.739130434782608,-3.0,0.0,0.0,875.3751992884438,0
PDX-OGG,10,-0.8,-12.0,0.0,0.0,4122.259819914897,0
PDX-ONT,21,-4.0,-6.0,0.0,0.0,1350.7832940851636,0
PDX-ORD,34,-6.911764705882353,-7.5,0.0,0.0,2791.6047675058844,0
PDX-PHX,54,-2.5555555555555554,-5.0,0.0,0.0,1625.2626064693623,0
PDX-PSP,5,-4.0,-8.0,0.0,0.0,1406.5114613646867,0
PDX-SAN,39,-1.564102564102564,-6.0,0.0,0.0,1502.616434579552,0
PDX-SBA,7,-3.5714285714285716,-4.0,0.0,0.0,1263.0156613883703,0
PDX-SEA,37,2.4722222222222223,-3.5,0.02702702702702703,0.0,208.02304422893636,0
PDX-SFO,72,3.8309859154929575,-9.0,0.013888888888888888,0.0,886.3847398535315,0
PDX-SJC,41,7.609756097560975,-2.0,0.0,0.0,916.4691125387947,0
PDX-SLC,35,-3.257142857142857,-5.0,0.0,0.0,1011.7356972741874,0
PDX-SMF,27,10.62962962962963,-4.0,0.0,0.0,770.9624344196682,0
PDX-SNA,11,0.2727272727272727,-7.0,0.0,0.0,1384.5335290067123,0
PDX-TUS,5,-16.2,-12.0,0.0,0.0,1802.1843088367198,0
PHF-ATL,22,-2.5714285714285716,-9.0,0.0,0.045454545454545456,816.9165189708561,1
PHL-ATL,95,0.16129032258064516,-9.0,0.021052631578947368,0.0,1071.231475921287,0
PHL-AUS,6,49.833333333333336,14.5,0.0,0.0,2299.091831666765,0
PHL-BNA,11,6.5,4.0,0.09090909090909091,0.0,1084.2981331515741,0
PHL-BOS,81,1.2820512820512822,-7.0,0.037037037037037035,0.0,450.1460867894529,0
PHL-CLT,45,-4.2,-6.0,0.0,0.0,721.4756050797625,0
PHL-DEN,43,3.357142857142857,-9.5,0.023255813953488372,0.0,2499.9421858363116,0
PHL-DFW,63,-7.017543859649122,-13.0,0.07936507936507936,0.015873015873015872,2092.8527585282354,0
PHL-DTW,33,21.575757575757574,-7.0,0.0,0.0,727.6779905768153,0
PHL-FLL,45,1.0930232558139534,-3.0,0.044444444444444446,0.0,1600.6350492366375,0
PHL-IAH,50,6.8979591836734695,-2.0,0.02,0.0,2129.6123212104962,0
PHL-IND,12,-9.416666666666666,-11.0,0.0,0.0,943.8980056983243,0
PHL-JAX,6,-7.666666666666667,-12.0,0.0,0.0,1195.2439694265956,0
PHL-LAS,42,5.219512195121951,-11.0,0.023809523809523808,0.0,3494.4283252170508,0
PHL-LAX,27,8.777777777777779,-4.0,0.0,0.0,3856.31533715977,0
PHL-MCO,88,7.103448275862069,-1.0,0.011363636363636364,0.0,1388.8696689599844,0
PHL-MDW,23,19.956521739130434,1.0,0.0,0.0,1072.9307232829,0
PHL-MIA,51,20.42,-1.5,0.0,0.0196078431372549,1634.2381053602824,0
PHL-MSP,38,2.4324324324324325,-6.0,0.02631578947368421,0.0,1574.0047800942552,0
PHL-MSY,9,-10.0,-11.0,0.0,0.0,1750.8860931737738,0
PHL-ORD,73,4.628571428571429,-6.5,0.0410958904109589,0.0,1088.3065526575483,0
PHL-PBI,21,10.9,4.5,0.047619047619047616,0.0,1533.7035715897348,0
PHL-PHX,35,-4.257142857142857,-8.0,0.0,0.0,3332.489952135902,0
PHL-PIT,8,7.375,6.5,0.0,0.0,429.5604760915026,0
PHL-PVD,6,5.5,-7.0,0.0,0.0,381.2870769222807,0
PHL-RDU,17,4.9375,-1.5,0.058823529411764705,0.0,542.2479996571099,0
PHL-RSW,14,1.7142857142857142,2.5,0.0,0.0,1600.7183589807123,0
PHL-SAN,14,-15.714285714285714,-24.0,0.0,0.0,3805.9162710681185,0
PHL-SEA,23,9.545454545454545,-6.5,0.0,0.043478260869565216,3817.671471926886,1
PHL-SFO,40,-0.725,-12.5,0.0,0.0,4047.730355266,0
PHL-SJU,13,-3.8461538461538463,1.0,0.0,0.0,2542.8037902778337,0
PHL-SLC,13,-10.846153846153847,-6.0,0.0,0.0,3092.790970627938,0
PHL-STL,13,-7.230769230769231,-14.0,0.0,0.0,1305.1682386264586,0
PHL-TPA,46,-1.6304347826086956,-8.5,0.0,0.0,1482.7453299611866,0
PHX-ABQ,32,1.34375,-1.5,0.0,0.0,527.3608804187211,0
PHX-ANC,7,2.142857142857143,-1.0,0.0,0.0,4101.625918793606,0
PHX-ATL,62,17.548387096774192,-2.0,0.0,0.0,2548.7756821091602,0
PHX-AUS,29,16.857142857142858,3.5,0.034482758620689655,0.0,1400.5459045855764,0
PHX-BFL,12,2.0833333333333335,0.0,0.0,0.0,683.4111094666529,0
PHX-BNA,9,1.25,-10.5,0.1111111111111111,0.0,2325.9793100624556,0
PHX-BOI,14,-1.2142857142857142,-3.5,0.0,0.0,1184.2041107306904,0
PHX-BOS,30,0.7666666666666667,-8.5,0.0,0.0,3693.460580724983,0
PHX-BUF,6,12.666666666666666,13.5,0.0,0.0,3070.4049487767093,0
PHX-BUR,33,2.757575757575758,-5.0,0.0,0.0,592.7250871573783,0
PHX-BWI,25,0.12,-4.0,0.0,0.0,3209.4110379998524,0
PHX-CLE,11,-7.0,-5.0,0.0,0.0,2790.4606022720595,0
PHX-CLT,34,5.6875,-1.0,0.058823529411764705,0.0,2848.026450027386,0
PHX-CMH,18,8.61111111111111,0.5,0.0,0.0,2682.5111553281167,0
PHX-DAL,24,8.625,2.0,0.0,0.0,1411.4171823827849,0
PHX-DCA,15,-5.466666666666667,-9.0,0.0,0.0,3177.380710749862,0
PHX-DEN,125,6.224,-3.0,0.0,0.0,968.4126095476851,0
PHX-DFW,72,6.591549295774648,-5.0,0.013888888888888888,0.0,1393.585732993809,0
PHX-DRO,9,2.888888888888889,-12.0,0.0,0.0,565.4976891286673,0
PHX-DTW,57,4.2631578947368425,-5.0,0.0,0.0,2684.0290445920473,0
PHX-ELP,23,3.6956521739130435,-1.0,0.0,0.0,557.395884742252,0
PHX-EWR,45,-3.0930232558139537,-7.0,0.044444444444444446,0.0,3425.0442030419886,0
PHX-FAT,11,27.818181818181817,-4.0,0.0,0.0,793.366364912357,0
PHX-FLG,23,3.409090909090909,-2.0,0.043478260869565216,0.0,192.01699631841956,0
PHX-FLL,10,-7.0,-9.5,0.0,0.0,3168.5405073588095,0
PHX-GEG,15,-7.733333333333333,-9.0,0.0,0.0,1643.9575624060196,0
PHX-GJT,20,-0.35,-3.0,0.0,0.0,705.1427616980108,0
PHX-HNL,17,1.2352941176470589,-4.0,0.0,0.0,4688.820393895672,0
PHX-HOU,19,1.2105263157894737,-3.0,0.0,0.0,1638.3305305102049,0
PHX-IAH,63,4.222222222222222,-3.0,0.0,0.0,1620.89131263022,0
PHX-IND,18,12.5,0.0,0.0,0.0,2390.53944117342,0
PHX-JFK,34,8.352941176470589,-9.5,0.0,0.0,3457.789960019868,0
PHX-KOA,9,3.6666666666666665,9.0,0.0,0.0,4597.254628639298,0
PHX-LAS,105,7.173076923076923,-2.5,0.009523809523809525,0.0,411.1517289001198,0
PHX-LAX,106,19.266666666666666,4.0,0.009433962264150943,0.0,594.7324791325159,0
PHX-LIH,5,-7.4,-1.0,0.0,0.0,4787.522055615701,0
PHX-MCI,35,-3.0294117647058822,-3.0,0.0,0.02857142857142857,1676.6107108623246,0
PHX-MCO,11,3.272727272727273,-1.0,0.0,0.0,2968.6880318907165,0
PHX-MDW,30,9.266666666666667,-1.0,0.0,0.0,2319.3418956425066,0
PHX-MIA,8,-8.375,-11.0,0.0,0.0,3167.9055902093437,0
PHX-MKE,28,-1.2857142857142858,-5.0,0.0,0.0,2346.2312476494512,0
PHX-MRY,10,6.0,4.0,0.0,0.0,961.2664875372069,0
PHX-MSP,66,-0.18181818181818182,-7.0,0.0,0.0,2051.695662153925,0
PHX-OAK,49,1.1428571428571428,-4.0,0.0,0.0,1038.5230397205914,0
PHX-OGG,9,11.0,-8.0,0.0,0.0,4572.219128218574,0
PHX-OKC,11,16.272727272727273,11.0,0.0,0.0,1338.2092612538063,0
PHX-OMA,19,-0.3157894736842105,-5.0,0.0,0.0,1667.2123236423752,0
PHX-ONT,52,6.634615384615385,-0.5,0.0,0.0,521.6768504433958,0
PHX-ORD,73,-4.945205479452055,-9.0,0.0,0.0,2313.1789920788106,0
PHX-PDX,53,-0.8679245283018868,-5.0,0.0,0.0,1625.2626064693623,0
PHX-PHL,45,6.777777777777778,-6.0,0.0,0.0,3332.489952135902,0
PHX-PIT,13,11.538461538461538,0.0,0.0,0.0,2912.6730150709477,0
PHX-PSP,27,6.444444444444445,-5.0,0.0,0.0,418.72973742855436,0
PHX-RDU,9,-3.2222222222222223,-6.0,0.0,0.0,3036.1396377637952,0
PHX-RNO,34,11.794117647058824,-3.5,0.0,0.0,966.8560716422929,0
PHX-SAN,81,6.654320987654321,-3.0,0.0,0.0,488.94530293277865,0
PHX-SAT,19,18.157894736842106,1.0,0.0,0.0,1353.7844746721323,0
PHX-SBA,16,3.5,-4.5,0.0,0.0,730.7891422529785,0
PHX-SBP,7,9.5,0.5,0.14285714285714285,0.0,817.4411872346151,0
PHX-SDF,6,-10.333333333333334,-8.0,0.0,0.0,2418.4493082323065,0
PHX-SEA,79,2.7974683544303796,0.0,0.0,0.0,1782.0073051463505,0
PHX-SFO,83,5.841463414634147,-6.5,0.012048192771084338,0.0,1046.3516832995797,0
PHX-SJC,55,6.345454545454546,-4.0,0.0,0.0,998.9465354320155,0
PHX-SLC,79,2.632911392405063,-5.0,0.0,0.0,817.7563479771823,0
PHX-SMF,59,4.807017543859649,-3.0,0.03389830508474576,0.0,1040.2907704013874,0
PHX-SNA,72,6.366197183098592,-3.0,0.013888888888888888,0.0,543.6220756944879,0
PHX-STL,44,0.7954545454545454,-2.0,0.0,0.0,2027.321714881126,0
PHX-TPA,18,-2.6666666666666665,-1.0,0.0,0.0,2872.379682431399,0
PHX-TUL,10,22.6,16.0,0.0,0.0,1501.4291648657568,0
PHX-TUS,14,-5.214285714285714,-5.0,0.0,0.0,177.2913058865617,0
PHX-YUM,21,-1.5238095238095237,-2.0,0.0,0.0,257.1100719353302,0
PIA-ATL,22,11.476190476190476,-2.0,0.045454545454545456,0.0,909.4076549278408,0
PIA-DFW,13,5.230769230769231,-6.0,0.0,0.0,1082.569061421371,0
PIA-DTW,7,-0.8571428571428571,-11.0,0.0,0.0,556.008629091748,0
PIA-ORD,44,3.119047619047619,-9.0,0.045454545454545456,0.0,209.05518337239826,0
PIH-SLC,14,1.7142857142857142,-5.0,0.0,0.0,241.54357690602697,0
PIT-ATL,46,0.41304347826086957,-3.0,0.0,0.0,847.5539536281401,0
PIT-BNA,7,-13.285714285714286,-19.0,0.0,0.0,742.6262299786097,0
PIT-BOS,16,-2.625,-5.0,0.0,0.0,796.5637261692654,0
PIT-BWI,23,1.6521739130434783,-4.0,0.0,0.0,337.6938853313702,0
PIT-CLT,45,8.755555555555556,-5.0,0.0,0.0,590.1242661861764,0
PIT-DEN,26,-4.153846153846154,-5.5,0.0,0.0,2070.5163964935914,0
PIT-DFW,33,10.59375,-4.0,0.030303030303030304,0.0,1715.7008293906317,0
PIT-DTW,8,1.375,-4.5,0.0,0.0,322.8420686824374,0
PIT-EWR,7,-7.2,-12.0,0.2857142857142857,0.0,512.4308541883373,0
PIT-FLL,19,-1.368421052631579,-7.0,0.0,0.0,1603.3245037439096,0
PIT-HOU,12,-4.5,-17.5,0.0,0.0,1819.9095450098985,0
PIT-IAH,22,-0.5,-4.5,0.0,0.0,1797.6777513595007,0
PIT-LAS,11,-11.090909090909092,-14.0,0.0,0.0,3066.5808809897135,0
PIT-LAX,7,8.714285714285714,-3.0,0.0,0.0,3430.0455748228846,0
PIT-LGA,8,-10.166666666666666,-14.0,0.25,0.0,537.523684624577,0
PIT-MCO,21,4.809523809523809,-8.0,0.0,0.0,1344.9361081722511,0
PIT-MDW,32,-0.96875,-11.5,0.0,0.0,645.7180997649183,0
PIT-MSP,12,0.0,-8.5,0.0,0.0,1166.3293722732233,0
PIT-ORD,35,34.885714285714286,-10.0,0.0,0.0,662.2313932885038,0
PIT-PHL,10,18.555555555555557,-1.0,0.1,0.0,429.56047609150266,0
PIT-PHX,17,-13.411764705882353,-15.0,0.0,0.0,2912.6730150709477,0
PIT-RSW,5,-13.0,-14.0,0.0,0.0,1558.089686364326,0
PIT-SFO,5,-12.6,-11.0,0.0,0.0,3618.2625018355343,0
PLN-DTW,17,-5.764705882352941,-9.0,0.0,0.0,391.07634308341915,0
PNS-ATL,48,-0.7708333333333334,-9.5,0.0,0.0,437.78942303470063,0
PNS-BNA,6,-4.666666666666667,-5.5,0.0,0.0,630.1580586847018,0
PNS-DFW,25,-0.6666666666666666,-4.0,0.04,0.0,969.7024526128323,0
PNS-HOU,9,11.555555555555555,-14.0,0.0,0.0,783.9684078126669,0
PNS-IAH,33,-0.0625,-3.0,0.030303030303030304,0.0,784.9869192148439,0
PNS-MIA,10,32.111111111111114,18.0,0.1,0.0,852.9886198804637,0
PSC-DEN,13,8.0,1.0,0.0,0.0,1370.1581155948506,0
PSC-MSP,5,-8.4,-6.0,0.0,0.0,2012.9992215750176,0
PSC-SFO,5,-23.0,-22.0,0.0,0.0,998.1180440497232,0
PSC-SLC,10,-12.333333333333334,-15.0,0.0,0.1,837.345094557729,1
PSE-JFK,5,-17.8,-18.0,0.0,0.0,2609.507417628984,0
PSE-MCO,5,-16.0,-15.0,0.0,0.0,1898.3563992882678,0
PSG-WRG,8,4.625,3.5,0.0,0.0,49.82853073304924,0
PSP-DEN,18,1.7647058823529411,-7.0,0.05555555555555555,0.0,1247.0803515046562,0
PSP-DFW,13,-1.3333333333333333,-7.0,0.07692307692307693,0.0,1808.3892084865329,0
PSP-IAH,10,10.5,8.0,0.0,0.0,2039.432399268087,0
PSP-LAX,13,4.25,4.0,0.07692307692307693,0.0,176.0030952764203,0
PSP-ORD,9,11.555555555555555,-8.0,0.0,0.0,2653.0393086585323,0
PSP-PDX,6,-2.1666666666666665,-3.0,0.0,0.0,1406.5114613646867,0
PSP-PHX,31,9.290322580645162,1.0,0.0,0.0,418.72973742855436,0
PSP-SEA,13,-4.6923076923076925,-14.0,0.0,0.0,1590.46711826901,0
PSP-SFO,40,4.125,-9.0,0.0,0.0,676.6785462976859,0
PSP-SLC,9,0.0,-10.0,0.0,0.0,870.9992693676229,0
PVD-ATL,16,12.625,0.5,0.0,0.0,1451.9911483070985,0
PVD-BWI,41,2.5526315789473686,-3.5,0.07317073170731707,0.0,526.0647960055667,0
PVD-CLT,19,0.10526315789473684,-6.0,0.0,0.0,1098.8336590957435,0
PVD-DTW,16,-4.375,-13.5,0.0,0.0,986.2299658695317,0
PVD-FLL,11,3.3,-8.5,0.09090909090909091,0.0,1915.0244594284968,0
PVD-MCO,33,-1.696969696969697,-9.0,0.0,0.0,1727.8436238712375,0
PVD-MDW,12,-5.333333333333333,-10.5,0.0,0.0,1352.092277204998,0
PVD-ORD,9,8.375,-4.0,0.1111111111111111,0.0,1362.8535458666533,0
PVD-PHL,5,-11.0,-4.0,0.0,0.0,381.2870769222807,0
PVD-TPA,13,6.923076923076923,-8.0,0.0,0.0,1830.529907481399,0
PWM-ATL,11,-16.09090909090909,-17.0,0.0,0.0,1651.4040766852713,0
PWM-BWI,16,-0.9375,-7.0,0.0,0.0,726.497153878032,0
PWM-CLT,6,-12.0,-10.5,0.0,0.0,1306.828898759277,0
PWM-DTW,10,-6.4,-6.0,0.0,0.0,1072.4363408770084,0
PWM-EWR,10,3.888888888888889,-8.0,0.1,0.0,457.1291451460209,0
PWM-JFK,12,-5.2,-14.0,0.16666666666666666,0.0,439.92958091826114,0
RAP-DEN,12,5.7272727272727275,-7.0,0.08333333333333333,0.0,484.19000293724304,0
RAP-DFW,9,4.714285714285714,-10.0,0.1111111111111111,0.1111111111111111,1345.01229653064,1
RAP-MSP,27,8.851851851851851,0.0,0.0,0.0,785.9485422795213,0
RAP-ORD,10,20.11111111111111,-5.0,0.0,0.1,1251.3717145526468,1
RAP-SLC,9,3.7777777777777777,-3.0,0.0,0.0,816.3267816525035,0
RDD-SFO,16,0.625,-12.0,0.0,0.0,321.4279790412298,0
RDM-DEN,6,9.333333333333334,0.0,0.0,0.0,1442.8893829977821,0
RDM-SFO,10,18.11111111111111,0.0,0.1,0.0,744.9000732430522,0
RDM-SLC,9,-11.88888888888889,-13.0,0.0,0.0,844.0336995249357,0
RDU-ATL,91,0.6111111111111112,-8.5,0.01098901098901099,0.0,571.9657879841793,0
RDU-BNA,15,-1.6,-11.0,0.0,0.0,710.1627185042321,0
RDU-BOS,22,6.8,-8.0,0.09090909090909091,0.0,984.5092748114472,0
RDU-BWI,41,6.625,-5.0,0.024390243902439025,0.0,411.53846485305274,0
RDU-CLE,5,115.4,157.0,0.0,0.0,670.1516776767909,0
RDU-CLT,34,1.2941176470588236,-2.5,0.0,0.0,208.5179578121921,0
RDU-DEN,14,-4.571428571428571,-11.5,0.0,0.0,2305.939633024316,0
RDU-DFW,29,2.689655172413793,-6.0,0.0,0.0,1704.476561791536,0
RDU-DTW,26,-0.5,-7.0,0.0,0.0,806.7131445480329,0
RDU-EWR,17,15.117647058823529,2.0,0.0,0.0,669.9624570440932,0
RDU-FLL,9,-10.0,-8.0,0.0,0.0,1097.9758312377862,0
RDU-HOU,8,-8.375,-13.0,0.0,0.0,1687.6332134316594,0
RDU-IAD,6,11.833333333333334,-1.0,0.0,0.0,360.72189693036586,0
RDU-IAH,6,6.166666666666667,-3.5,0.0,0.0,1675.3534849724074,0
RDU-JFK,24,1.9130434782608696,-2.0,0.041666666666666664,0.0,686.4921687222915,0
RDU-LAS,6,-21.166666666666668,-23.0,0.0,0.0,3252.8439308754587,0
RDU-LAX,13,24.53846153846154,27.0,0.0,0.0,3594.53876884324,0
RDU-LGA,23,20.476190476190474,-1.0,0.08695652173913043,0.0,693.0060073967181,0
RDU-MCO,17,-4.1875,-6.5,0.058823529411764705,0.0,861.6878725655389,0
RDU-MDW,14,-0.2857142857142857,-10.0,0.0,0.0,1016.1582930893535,0
RDU-MIA,16,-1.4,-3.0,0.0,0.0625,1130.4301739944299,1
RDU-MSP,9,-7.444444444444445,-11.0,0.0,0.0,1575.7472079181382,0
RDU-ORD,32,7.516129032258065,0.0,0.03125,0.0,1039.2593626579,0
RDU-PHL,13,-5.0,-8.5,0.07692307692307693,0.0,542.2479996571099,0
RDU-SFO,11,1.5,-0.5,0.09090909090909091,0.0,3853.2697697588355,0
RDU-STL,10,-6.4,-9.5,0.0,0.0,1071.1579678669914,0
RDU-TPA,20,-2.85,-7.0,0.0,0.0,946.8920116082396,0
RHI-IMT,9,-9.777777777777779,-13.0,0.0,0.0,107.06149267486934,0
RHI-MSP,8,18.375,7.0,0.0,0.0,305.0934978352781,0
RIC-ATL,67,1.9701492537313432,-11.0,0.0,0.0,772.8501929456388,0
RIC-BOS,37,-2.7777777777777777,-5.0,0.0,0.02702702702702703,762.3241132695955,0
RIC-CLT,25,17.04,6.0,0.0,0.0,412.47556420282126,0
RIC-DFW,16,5.0625,-10.5,0.0,0.0,1859.4303123048971,0
RIC-DTW,10,12.8,-10.0,0.0,0.0,733.6279772032851,0
RIC-EWR,12,-1.9090909090909092,-3.0,0.08333333333333333,0.0,446.6343399093401,0
RIC-FLL,9,-6.444444444444445,-16.0,0.0,0.0,1298.9416634271563,0
RIC-IAH,6,3.6666666666666665,3.5,0.0,0.0,1860.055364256963,0
RIC-LGA,24,16.82608695652174,1.0,0.041666666666666664,0.0,469.7568881113004,0
RIC-MCO,13,-11.384615384615385,-15.0,0.0,0.0,1075.583592197444,0
RIC-MSP,7,19.857142857142858,5.0,0.0,0.0,1558.5109044226942,0
RIC-ORD,33,2.5714285714285716,-9.5,0.15151515151515152,0.0,1031.6709671397894,0
RKS-DEN,12,7.454545454545454,-6.0,0.08333333333333333,0.0,417.7961732380142,0
RNO-DEN,30,-0.4666666666666667,-3.5,0.0,0.0,1291.4312491268925,0
RNO-DFW,15,-6.615384615384615,-6.0,0.06666666666666667,0.06666666666666667,2160.6045442491986,1
RNO-LAS,64,7.96875,-4.5,0.0,0.0,555.7065499414341,0
RNO-LAX,30,8.466666666666667,-3.5,0.0,0.0,629.5579884469968,0
RNO-MDW,6,5.166666666666667,-4.5,0.0,0.0,2697.561503684267,0
RNO-PHX,31,-2.4838709677419355,-3.0,0.0,0.0,966.8560716422928,0
RNO-SAN,10,5.5,0.5,0.0,0.0,786.9788372138676,0
RNO-SFO,31,10.548387096774194,-4.0,0.0,0.0,308.2852057376259,0
RNO-SLC,30,-3.0,-8.5,0.0,0.0,677.2856782497824,0
ROA-ATL,37,9.38888888888889,-8.5,0.02702702702702703,0.0,574.6211793969007,0
ROA-ORD,11,-2.7,-6.5,0.09090909090909091,0.0,852.9625295521732,0
ROC-ATL,18,0.3888888888888889,-14.0,0.0,0.0,1206.2496516231683,0
ROC-BWI,14,-8.857142857142858,-17.0,0.0,0.0,446.4722000914748,0
ROC-CLT,10,-10.1,-16.0,0.0,0.0,922.8921618925303,0
ROC-EWR,19,5.294117647058823,1.0,0.10526315789473684,0.0,395.99404866064583,0
ROC-JFK,16,0.25,-8.5,0.0,0.0,424.05403702602035,0
ROC-MCO,10,-10.9,-11.5,0.0,0.0,1665.7384023058335,0
ROC-ORD,33,3.0,3.0,0.06060606060606061,0.0,847.1469837486194,0
ROC-TPA,6,1.5,-8.0,0.0,0.0,1739.5159921874085,0
ROW-DFW,12,18.5,-7.5,0.0,0.0,699.320976341772,0
RST-ATL,7,-7.714285714285714,-11.0,0.0,0.0,1337.5580003780706,0
RST-MSP,10,4.7,-8.0,0.0,0.0,122.21853997278768,0
RST-ORD,23,0.3333333333333333,-8.0,0.08695652173913043,0.0,430.9714071028673,0
RSW-ACY,6,3.1666666666666665,3.0,0.0,0.0,1583.6692212228072,0
RSW-ATL,54,4.826923076923077,-9.5,0.018518518518518517,0.018518518518518517,830.6259895389245,0
RSW-BDL,12,1.0,-6.5,0.0,0.0,1902.1850077761162,0
RSW-BOS,42,4.536585365853658,-3.0,0.023809523809523808,0.0,2013.298046643809,0
RSW-BWI,24,1.4782608695652173,-7.0,0.041666666666666664,0.0,1482.8589500845537,0
RSW-CLE,16,1.3125,-4.5,0.0,0.0,1654.0159197692662,0
RSW-CLT,23,-7.0,-7.0,0.0,0.0,968.0266389036591,0
RSW-CMH,9,-4.333333333333333,-10.0,0.0,0.0,1500.5727717420743,0
RSW-DCA,18,8.222222222222221,3.5,0.0,0.0,1438.2635815080846,0
RSW-DEN,11,6.909090909090909,-11.0,0.0,0.0,2583.406207130151,0
RSW-DFW,15,0.7333333333333333,-4.0,0.0,0.0,1634.1698857444987,0
RSW-DTW,30,-1.2333333333333334,-5.0,0.0,0.0,1749.1128975514862,0
RSW-EWR,17,13.705882352941176,-8.0,0.0,0.0,1721.999442781257,0
RSW-IAH,13,-8.615384615384615,-17.0,0.0,0.0,1383.5015631877218,0
RSW-IND,8,-1.375,0.0,0.0,0.0,1524.8143606170552,0
RSW-JFK,25,8.666666666666666,0.5,0.04,0.0,1731.640567653593,0
RSW-LGA,12,12.416666666666666,-1.5,0.0,0.0,1741.607500889927,0
RSW-MDW,19,9.421052631578947,1.0,0.0,0.0,1781.9949344827032,0
RSW-MSP,18,-5.0588235294117645,-11.0,0.05555555555555555,0.0,2281.90253296945,0
RSW-ORD,34,16.38235294117647,5.0,0.0,0.0,1806.524117351995,0
RSW-PHL,24,3.2916666666666665,-2.5,0.0,0.0,1600.7183589807125,0
RSW-PIT,11,7.090909090909091,-1.0,0.0,0.0,1558.089686364326,0
RSW-STL,11,-5.909090909090909,-10.0,0.0,0.0,1577.0438620891023,0
SAF-DEN,6,-7.666666666666667,-13.0,0.0,0.0,487.9021045911771,0
SAF-DFW,14,18.153846153846153,9.0,0.0,0.07142857142857142,884.7086495614066,1
SAF-LAX,5,8.6,6.0,0.0,0.0,1139.6835619456253,0
SAN-ABQ,10,-2.7,-7.0,0.0,0.0,1009.2046548080474,0
SAN-ATL,34,-6.647058823529412,-10.0,0.0,0.0,3037.70639482622,0
SAN-AUS,9,21.77777777777778,3.0,0.0,0.0,1870.0214607795513,0
SAN-BNA,7,0.0,0.0,0.0,0.0,2812.0466584488568,0
SAN-BOI,6,-5.333333333333333,-5.5,0.0,0.0,1207.2778211150855,0
SAN-BOS,22,-4.909090909090909,-1.5,0.0,0.0,4155.870978462521,0
SAN-BWI,11,-5.555555555555555,-5.0,0.0,0.18181818181818182,3685.5897178338632,1
SAN-CLT,17,-1.3529411764705883,-1.0,0.0,0.0,3335.3435237485915,0
SAN-DAL,17,1.3529411764705883,-5.0,0.0,0.0,1898.2120306503764,0
SAN-DEN,80,6.961038961038961,-3.0,0.025,0.0125,1371.5488462134597,0
SAN-DFW,52,-0.25,-9.0,0.0,0.0,1880.48264890802,0
SAN-DTW,13,-6.230769230769231,-4.0,0.0,0.0,3142.5222081939582,0
SAN-EWR,20,-1.9,-6.0,0.0,0.0,3895.034152469253,0
SAN-HNL,13,3.5384615384615383,10.0,0.0,0.0,4200.687434545809,0
SAN-HOU,9,6.555555555555555,11.0,0.0,0.0,2108.3902388132287,0
SAN-IAD,21,-11.952380952380953,-18.0,0.0,0.0,3618.3012978058778,0
SAN-IAH,41,-5.0,-7.0,0.04878048780487805,0.0,2093.380220414167,0
SAN-JFK,36,6.371428571428571,-8.0,0.027777777777777776,0.0,3928.008267160324,0
SAN-LAS,72,8.549295774647888,-4.0,0.013888888888888888,0.0,416.41613072432426,0
SAN-LAX,92,18.640449438202246,4.0,0.03260869565217391,0.0,175.73289564040545,0
SAN-MCI,7,7.142857142857143,3.0,0.0,0.0,2142.265029074496,0
SAN-MCO,8,35.375,1.0,0.0,0.0,3450.8885502712474,0
SAN-MDW,21,1.8571428571428572,-3.0,0.0,0.0,2775.972715124741,0
SAN-MIA,8,8.857142857142858,1.0,0.125,0.0,3642.521040255353,0
SAN-MSP,22,-13.047619047619047,-14.0,0.0,0.045454545454545456,2463.054873990999,1
SAN-MSY,6,13.666666666666666,11.5,0.0,0.0,2568.2329628578627,0
SAN-OAK,61,2.0847457627118646,-2.0,0.03278688524590164,0.0,718.3654610522037,0
SAN-OGG,13,-12.076923076923077,-11.0,0.0,0.0,4083.494237565387,0
SAN-ORD,50,6.54,-6.5,0.0,0.0,2768.0933370510947,0
SAN-PDX,32,-4.53125,-8.0,0.0,0.0,1502.616434579552,0
SAN-PHL,16,-6.9375,-7.5,0.0,0.0,3805.9162710681185,0
SAN-PHX,91,2.8777777777777778,-5.5,0.01098901098901099,0.0,488.9453029327787,0
SAN-RNO,6,1.6666666666666667,-7.0,0.0,0.0,786.9788372138677,0
SAN-SAT,10,-6.3,-9.0,0.0,0.0,1814.3460676511866,0
SAN-SEA,57,5.175438596491228,-4.0,0.0,0.0,1692.263608480234,0
SAN-SFO,135,6.265151515151516,-4.5,0.022222222222222223,0.0,718.9021494268873,0
SAN-SJC,43,7.883720930232558,-2.0,0.0,0.0,671.3477954950891,0
SAN-SLC,37,-6.108108108108108,-7.0,0.0,0.0,1008.34534199792,0
SAN-SMF,51,-1.588235294117647,-7.0,0.0,0.0,772.637151141723,0
SAN-TUS,16,-0.5625,-4.0,0.0,0.0,590.4072649095333,0
SAT-ATL,60,-4.133333333333334,-7.5,0.0,0.0,1404.909278542354,0
SAT-BNA,13,7.384615384615385,-1.0,0.0,0.0,1321.623969297434,0
SAT-BWI,12,-4.833333333333333,-6.0,0.0,0.0,2261.971486053592,0
SAT-CLT,5,32.2,3.0,0.0,0.0,1759.8735054540157,0
SAT-DAL,59,8.303571428571429,-3.0,0.03389830508474576,0.01694915254237288,399.2719825429074,0
SAT-DEN,23,26.818181818181817,-5.0,0.043478260869565216,0.0,1279.3777734308092,0
SAT-DFW,76,3.92,-7.0,0.013157894736842105,0.0,397.8999155835734,0
SAT-DTW,15,11.733333333333333,-4.0,0.0,0.0,1954.6045591157317,0
SAT-ELP,18,13.444444444444445,-4.5,0.0,0.0,797.1972805767721,0
SAT-HOU,22,-0.045454545454545456,1.0,0.0,0.0,308.778336918017,0
SAT-IAH,45,-1.25,-6.5,0.022222222222222223,0.0,306.19874804938564,0
SAT-LAS,20,1.3,-3.5,0.0,0.0,1717.5037116470958,0
SAT-LAX,26,11.12,-6.0,0.038461538461538464,0.0,1944.6550510623133,0
SAT-MCO,8,6.125,6.0,0.0,0.0,1671.558163091078,0
SAT-MDW,10,2.8,-0.5,0.0,0.0,1668.410350747373,0
SAT-MSY,5,-8.6,-10.0,0.0,0.0,794.1247181278451,0
SAT-ORD,20,19.055555555555557,7.0,0.05,0.05,1677.5292464090132,1
SAT-PHL,5,-1.6,3.0,0.0,0.0,2404.2428120976933,0
SAT-PHX,34,-1.0294117647058822,-4.5,0.0,0.0,1353.7844746721323,0
SAT-SAN,11,0.0,-9.0,0.0,0.0,1814.3460676511868,0
SAT-SFO,5,-15.6,-12.0,0.0,0.0,2381.564176732889,0
SAT-SLC,6,-18.5,-18.5,0.0,0.0,1749.177139359507,0
SAT-STL,6,15.833333333333334,-3.0,0.0,0.0,1266.3331152876367,0
SAT-TPA,7,-9.714285714285714,-9.0,0.0,0.0,1561.9285348965811,0
SAV-ATL,55,1.0727272727272728,-9.0,0.0,0.0,344.90135292481466,0
SAV-BOS,6,2.1666666666666665,-10.5,0.0,0.0,1450.3881996029097,0
SAV-DFW,15,2.933333333333333,-10.0,0.0,0.0,1485.8925617554787,0
SAV-DTW,5,-2.4,1.0,0.0,0.0,1137.2481148591828,0
SAV-EWR,14,36.214285714285715,11.5,0.0,0.0,1140.6419035249262,0
SAV-IAH,8,-6.5,-12.0,0.0,0.0,1366.663910575307,0
SAV-JFK,10,15.4,20.5,0.0,0.0,1155.4694050643088,0
SAV-LGA,11,27.727272727272727,6.0,0.0,0.0,1162.9448625852626,0
SAV-ORD,13,41.0,-4.0,0.0,0.0,1245.532849389444,0
SBA-DEN,14,-0.5,-6.0,0.0,0.0,1471.7819632296487,0
SBA-LAX,31,2.935483870967742,-6.0,0.0,0.0,142.30153765295603,0
SBA-PDX,12,24.916666666666668,-7.0,0.0,0.0,1263.0156613883703,0
SBA-PHX,27,-3.269230769230769,-6.0,0.0,0.037037037037037035,730.7891422529785,0
SBA-SEA,10,-12.6,-14.0,0.0,0.0,1462.6337140190667,0
SBA-SFO,34,15.205882352941176,-9.5,0.0,0.0,421.84823111827257,0
SBN-ATL,25,24.291666666666668,-2.0,0.0,0.04,912.4209107790484,0
SBN-DTW,21,2.761904761904762,-7.0,0.0,0.0,251.82210000923922,0
SBN-MSP,9,-2.0,-7.0,0.0,0.0,660.0048589261767,0
SBN-ORD,15,61.46666666666667,3.0,0.0,0.0,134.7775056238588,0
SBP-LAX,23,14.347826086956522,2.0,0.0,0.0,250.09215386443117,0
SBP-PHX,10,-5.6,-8.5,0.0,0.0,817.4411872346151,0
SBP-SFO,28,6.961538461538462,-7.0,0.07142857142857142,0.0,306.8638303575061,0
SCC-BRW,12,-2.0,-2.0,0.0,0.08333333333333333,327.3954889505635,1
SCE-ORD,13,-5.923076923076923,-4.0,0.0,0.0,847.5590848088572,0
SDF-ATL,47,-4.586956521739131,-9.0,0.02127659574468085,0.0,517.7362683071005,0
SDF-BWI,12,18.833333333333332,1.5,0.0,0.0,794.6623606249699,0
SDF-DEN,11,-11.818181818181818,-17.0,0.0,0.0,1643.1005883372127,0
SDF-EWR,12,-6.2727272727272725,-8.0,0.08333333333333333,0.0,1031.2513895823693,0
SDF-IAH,7,2.142857142857143,-5.0,0.0,0.0,1268.3672009749757,0
SDF-MCO,9,18.0,-11.0,0.0,0.0,1158.4784058303171,0
SDF-MDW,24,2.2916666666666665,-0.5,0.0,0.0,436.7626318599062,0
SDF-ORD,21,2.111111111111111,-11.5,0.14285714285714285,0.0,461.5523899727394,0
SDF-PHX,5,-14.2,-12.0,0.0,0.0,2418.4493082323065,0
SDF-TPA,7,-11.833333333333334,-11.5,0.0,0.14285714285714285,1172.4434963293486,1
SEA-ABQ,12,-20.833333333333332,-18.0,0.0,0.0,1897.324906261144,0
SEA-ANC,111,0.24324324324324326,-1.0,0.0,0.0,2325.632163842432,0
SEA-ATL,41,-2.317073170731707,-5.0,0.0,0.0,3504.832199401679,0
SEA-AUS,9,21.444444444444443,-3.0,0.0,0.0,2847.3905467693276,0
SEA-BLI,9,7.111111111111111,-2.0,0.0,0.0,150.37746134008742,0
SEA-BOI,19,13.5,-2.5,0.05263157894736842,0.0,641.1582779986129,0
SEA-BOS,20,3.736842105263158,-1.0,0.05,0.0,4005.531549206874,0
SEA-BUR,23,2.652173913043478,0.0,0.0,0.0,1509.6568146383586,0
SEA-BWI,9,14.777777777777779,-7.0,0.0,0.0,3748.1677692376034,0
SEA-CLT,13,7.153846153846154,5.0,0.0,0.0,3660.4258415531604,0
SEA-DCA,10,4.8,-2.5,0.0,0.0,3738.16568901795,0
SEA-DEN,87,9.528735632183908,0.0,0.0,0.0,1645.715125424673,0
SEA-DFW,51,4.3,-1.0,0.0196078431372549,0.0,2668.292365636028,0
SEA-DTW,25,3.36,-4.0,0.0,0.0,3093.3888962031474,0
SEA-EWR,29,14.655172413793103,-5.0,0.0,0.0,3854.8408772638027,0
SEA-FAI,21,-6.761904761904762,-8.0,0.0,0.0,2461.6006959965907,0
SEA-FAT,19,16.157894736842106,4.0,0.0,0.0,1205.6631310054577,0
SEA-FLL,8,-2.375,-6.0,0.0,0.0,4367.627427237369,0
SEA-GEG,61,8.524590163934427,0.0,0.0,0.0,358.95473449853955,0
SEA-HNL,32,4.806451612903226,-1.0,0.0,0.03125,4307.937088449098,0
SEA-IAD,13,-12.23076923076923,-17.0,0.0,0.0,3701.649296400086,0
SEA-IAH,38,-6.578947368421052,-6.5,0.0,0.0,3013.85625989459,0
SEA-JFK,30,-4.9,-4.0,0.0,0.0,3886.66189477097,0
SEA-JNU,17,5.705882352941177,-3.0,0.0,0.0,1460.517081595291,0
SEA-KOA,6,-2.5,-11.5,0.0,0.0,4326.695109312265,0
SEA-KTN,18,-5.529411764705882,-5.0,0.05555555555555555,0.0,1092.746251766266,0
SEA-LAS,73,4.931506849315069,-1.0,0.0,0.0,1395.0799790981764,0
SEA-LAX,115,-1.373913043478261,-5.0,0.0,0.0,1536.9074147427825,0
SEA-LGB,11,22.636363636363637,7.0,0.0,0.0,1555.1943200398985,0
SEA-LIH,9,-8.75,-25.0,0.0,0.1111111111111111,4345.009536926071,1
SEA-MCI,15,29.133333333333333,-1.0,0.0,0.0,2391.623114900672,0
SEA-MCO,9,-0.5555555555555556,-2.0,0.0,0.0,4104.238761910658,0
SEA-MDW,18,-0.8333333333333334,-4.0,0.0,0.0,2782.1929236289457,0
SEA-MIA,5,21.6,5.0,0.0,0.0,4379.482722216372,0
SEA-MKE,10,-5.4,-7.0,0.0,0.0,2719.3139141561396,0
SEA-MSP,51,12.156862745098039,0.0,0.0,0.0,2245.247482608915,0
SEA-OAK,50,8.44,2.5,0.0,0.0,1081.6938848857574,0
SEA-OGG,25,18.24,-2.0,0.0,0.0,4248.366200876567,0
SEA-OMA,5,9.4,-10.0,0.0,0.0,2195.4358527464447,0
SEA-ONT,20,-7.8,-8.5,0.0,0.0,1540.367679342651,0
SEA-ORD,65,10.276923076923078,-8.0,0.0,0.0,2761.754473829739,0
SEA-PDX,23,25.782608695652176,2.0,0.0,0.0,208.02304422893636,0
SEA-PHL,21,9.095238095238095,-8.0,0.0,0.0,3817.6714719268853,0
SEA-PHX,132,9.037878787878787,-2.5,0.0,0.0,1782.0073051463503,0
SEA-PSC,5,19.6,8.0,0.0,0.0,275.9896348008417,0
SEA-PSP,15,-1.3333333333333333,2.0,0.0,0.0,1590.46711826901,0
SEA-SAN,60,2.933333333333333,-3.5,0.0,0.0,1692.263608480234,0
SEA-SAT,9,-7.0,-2.0,0.0,0.0,2854.248838277489,0
SEA-SBA,6,-8.5,-5.5,0.0,0.0,1462.633714019067,0
SEA-SFO,131,12.108527131782946,-1.0,0.007633587786259542,0.007633587786259542,1093.0569784836748,0
SEA-SIT,6,-4.0,-6.0,0.0,0.0,1383.9805936749028,0
SEA-SJC,72,5.166666666666667,-1.5,0.0,0.0,1122.067169686445,0
SEA-SLC,65,7.584615384615384,1.0,0.0,0.0,1106.7455789926223,0
SEA-SMF,64,9.015625,0.0,0.0,0.0,975.0874240023036,0
SEA-SNA,33,0.5454545454545454,-5.0,0.0,0.0,1576.10381234602,0
SEA-STL,9,24.444444444444443,4.0,0.0,0.0,2745.1695104645887,0
SFO-ABQ,8,13.75,-1.0,0.0,0.0,1439.2738028445995,0
SFO-ACV,28,-0.18518518518518517,-6.0,0.03571428571428571,0.0,402.1849762986149,0
SFO-ATL,54,-3.4716981132075473,-9.0,0.0,0.018518518518518517,3434.674573151113,0
SFO-AUS,41,-0.17073170731707318,-6.0,0.0,0.0,2416.001540465319,0
SFO-BFL,9,12.5,-4.0,0.1111111111111111,0.0,383.29836856508075,0
SFO-BOI,34,6.970588235294118,-4.0,0.0,0.0,840.2469736042236,0
SFO-BOS,73,2.1805555555555554,-5.5,0.0136986301369863,0.0,4341.229527452348,0
SFO-BUR,37,6.611111111111111,-0.5,0.02702702702702703,0.0,524.5968387841469,0
SFO-CEC,5,-5.4,-1.0,0.0,0.0,489.31022360403756,0
SFO-CLT,38,2.763157894736842,-4.0,0.0,0.0,3686.9541397957396,0
SFO-DAL,30,3.6333333333333333,-2.5,0.0,0.0,2370.1590741538685,0
SFO-DCA,12,-9.5,-16.5,0.0,0.0,3920.933897750759,0
SFO-DEN,81,12.822784810126583,-3.0,0.012345679012345678,0.012345679012345678,1553.249207031266,0
SFO-DFW,83,7.54320987654321,-5.0,0.024096385542168676,0.0,2352.029788457795,0
SFO-DTW,28,-2.0357142857142856,-6.0,0.0,0.0,3337.709666992291,0
SFO-EUG,30,2.466666666666667,-1.0,0.0,0.0,726.700766467031,0
SFO-EWR,77,3.6623376623376624,-1.0,0.0,0.0,4118.390759046058,0
SFO-FAT,9,13.88888888888889,8.0,0.0,0.0,253.27444546950605,0
SFO-FLL,19,32.78947368421053,8.0,0.0,0.0,4150.807973750956,0
SFO-HNL,27,8.076923076923077,-1.5,0.037037037037037035,0.0,3856.873931048837,0
SFO-IAD,51,2.549019607843137,-5.0,0.0,0.0,3883.3867527279012,0
SFO-IAH,59,28.035087719298247,2.0,0.01694915254237288,0.01694915254237288,2627.5100433529205,0
SFO-IND,6,8.0,-8.0,0.0,0.0,3120.0112703593663,0
SFO-JFK,137,4.303030303030303,-10.0,0.0364963503649635,0.0,4151.771691842443,0
SFO-KOA,10,2.0,-7.0,0.1,0.0,3808.024004515035,0
SFO-LAS,141,3.6666666666666665,-5.0,0.014184397163120567,0.0070921985815602835,664.841022026509,0
SFO-LAX,230,17.668202764976957,3.0,0.05652173913043478,0.0,543.1721828553782,0
SFO-LGB,19,9.631578947368421,0.0,0.0,0.0,569.0938000891013,0
SFO-LIH,8,-4.5,-13.5,0.0,0.0,3934.0996184631917,0
SFO-MCI,11,1.2727272727272727,-2.0,0.0,0.0,2406.33564430857,0
SFO-MCO,11,8.181818181818182,-2.0,0.0,0.0,3928.5383611858033,0
SFO-MDW,11,-2.6363636363636362,-4.0,0.0,0.0,2977.454334021198,0
SFO-MFR,26,7.56,-2.0,0.038461538461538464,0.0,530.4579166031539,0
SFO-MIA,18,25.444444444444443,4.5,0.0,0.0,4153.690412288066,0
SFO-MRY,7,27.571428571428573,-1.0,0.0,0.0,124.07111101406943,0
SFO-MSP,42,-7.0,-11.5,0.0,0.0,2551.733435589374,0
SFO-OGG,33,-1.3333333333333333,-1.0,0.0,0.0,3760.3868868747677,0
SFO-ONT,40,12.18421052631579,-2.0,0.05,0.0,584.7604881782753,0
SFO-ORD,124,3.089430894308943,-5.0,0.008064516129032258,0.0,2963.9738243571105,0
SFO-PDX,84,-1.869047619047619,-3.5,0.0,0.0,886.3847398535314,0
SFO-PHL,23,-2.0434782608695654,-4.0,0.0,0.0,4047.730355266,0
SFO-PHX,86,6.232558139534884,-3.0,0.0,0.0,1046.3516832995797,0
SFO-PIT,5,2.0,-1.0,0.0,0.0,3618.2625018355343,0
SFO-PSC,5,27.4,40.0,0.0,0.0,998.1180440497232,0
SFO-PSP,36,0.1111111111111111,-3.5,0.0,0.0,676.6785462976859,0
SFO-RDD,10,2.0,-1.0,0.0,0.0,321.4279790412298,0
SFO-RDM,6,-1.8333333333333333,-5.5,0.0,0.0,744.9000732430522,0
SFO-RDU,8,7.375,-8.0,0.0,0.0,3853.2697697588355,0
SFO-RNO,30,5.241379310344827,-6.0,0.03333333333333333,0.0,308.2852057376259,0
SFO-SAN,129,5.52755905511811,-5.0,0.015503875968992248,0.0,718.9021494268873,0
SFO-SAT,5,1.0,-9.0,0.0,0.0,2381.564176732889,0
SFO-SBA,38,6.621621621621622,-6.0,0.0,0.02631578947368421,421.84823111827257,0
SFO-SBP,18,-0.9411764705882353,-5.0,0.0,0.05555555555555555,306.8638303575061,1
SFO-SEA,109,9.277777777777779,-6.0,0.009174311926605505,0.0,1093.0569784836748,0
SFO-SLC,49,23.25,-4.5,0.02040816326530612,0.0,961.9166276826354,0
SFO-SMF,23,9.8,-4.0,0.13043478260869565,0.0,137.9334219149155,0
SFO-SMX,6,6.333333333333333,-10.0,0.0,0.0,347.8438480888629,0
SFO-SNA,80,2.6794871794871793,-5.0,0.0125,0.0125,598.2409715545829,0
SFO-STL,15,5.133333333333334,-1.0,0.0,0.0,2786.7388878970914,0
SFO-SUN,8,13.25,9.0,0.0,0.0,944.6623635670118,0
SFO-TUS,11,14.454545454545455,-4.0,0.0,0.0,1208.021141057975,0
SGF-ATL,19,7.052631578947368,-4.0,0.0,0.0,904.6641058155045,0
SGF-DEN,11,-10.9,-10.0,0.09090909090909091,0.0,1022.2529686275598,0
SGF-DFW,54,13.6875,-0.5,0.1111111111111111,0.0,586.521891245018,0
SGF-ORD,36,14.472222222222221,-2.0,0.0,0.0,705.2286742866438,0
SGU-DEN,11,7.181818181818182,-3.0,0.0,0.0,835.2831909615835,0
SGU-SLC,17,-6.588235294117647,-7.0,0.0,0.0,434.2393150305861,0
SHV-ATL,32,2.1875,-6.0,0.0,0.0,885.7232796629311,0
SHV-DFW,44,0.8409090909090909,-4.5,0.0,0.0,304.72219552695464,0
SHV-IAH,26,10.884615384615385,-7.0,0.0,0.0,309.71811002231016,0
SIT-JNU,16,-3.9375,-4.5,0.0,0.0,152.72256372688958,0
SJC-ATL,6,46.833333333333336,10.0,0.0,0.0,3397.6239076699326,0
SJC-AUS,8,-2.5,-5.5,0.0,0.0,2371.3958617770923,0
SJC-BUR,32,10.28125,-2.5,0.0,0.0,476.67913780356633,0
SJC-DAL,6,25.666666666666668,0.0,0.0,0.0,2328.4480824319767,0
SJC-DEN,28,6.111111111111111,0.0,0.03571428571428571,0.0,1522.8260915911112,0
SJC-DFW,26,1.08,-6.0,0.038461538461538464,0.0,2310.3106054124605,0
SJC-HNL,11,15.363636363636363,-1.0,0.0,0.0,3885.798050394598,0
SJC-IAH,9,15.666666666666666,3.0,0.0,0.0,2583.5407500439155,0
SJC-LAS,56,9.763636363636364,-2.0,0.017857142857142856,0.0,620.4240614981288,0
SJC-LAX,115,8.447368421052632,3.5,0.008695652173913044,0.0,495.6609629573166,0
SJC-LIH,6,-9.333333333333334,-5.0,0.0,0.0,3964.5338013217,0
SJC-MDW,7,10.666666666666666,1.0,0.14285714285714285,0.0,2950.351074996251,0
SJC-MSP,6,-11.166666666666666,-9.5,0.0,0.0,2530.4447042643715,0
SJC-OGG,13,-5.538461538461538,-11.0,0.0,0.0,3787.8888455724377,0
SJC-ONT,22,13.5,0.0,0.0,0.0,536.3616701001824,0
SJC-ORD,7,-8.857142857142858,-8.0,0.0,0.0,2937.169666004213,0
SJC-PDX,47,-3.234042553191489,-7.0,0.0,0.0,916.4691125387948,0
SJC-PHX,80,2.8125,-5.0,0.0,0.0,998.9465354320157,0
SJC-SAN,53,4.90566037735849,1.0,0.0,0.0,671.3477954950891,0
SJC-SEA,66,3.121212121212121,-3.0,0.0,0.0,1122.067169686445,0
SJC-SLC,32,-4.53125,-7.0,0.0,0.0,938.9845754099679,0
SJC-SNA,48,7.361702127659575,-1.0,0.020833333333333332,0.0,550.4004015439186,0
SJT-DFW,29,12.379310344827585,1.0,0.0,0.0,367.8810575235591,0
SJU-ATL,19,-13.210526315789474,-15.0,0.0,0.0,2491.110801936876,0
SJU-BDL,9,6.666666666666667,5.0,0.0,0.0,2688.5659328201473,0
SJU-BOS,16,5.125,2.5,0.0,0.0,2701.9833104440663,0
SJU-BWI,11,-11.272727272727273,-9.0,0.0,0.0,2524.50464337301,0
SJU-CLT,15,-12.2,-15.0,0.0,0.0,2376.2964809057826,0
SJU-DCA,6,47.333333333333336,10.0,0.0,0.0,2507.483570092346,0
SJU-DFW,9,-6.666666666666667,-14.0,0.0,0.0,3482.217518467978,0
SJU-EWR,21,15.35,11.5,0.047619047619047616,0.0,2594.3963893707014,0
SJU-FLL,40,2.175,-7.5,0.0,0.0,1683.7158269263932,0
SJU-IAH,9,-7.555555555555555,-22.0,0.0,0.0,3227.647101637048,0
SJU-JFK,78,2.8333333333333335,-14.0,0.0,0.0,2577.913737186907,0
SJU-MCO,77,0.18181818181818182,-8.0,0.0,0.0,1913.8788788636869,0
SJU-MIA,39,6.2631578947368425,-6.5,0.0,0.02564102564102564,1682.0133399830393,0
SJU-ORD,11,-10.545454545454545,-18.0,0.0,0.0,3337.7374765236104,0
SJU-PHL,13,-5.153846153846154,-16.0,0.0,0.0,2542.8037902778337,0
SJU-STT,12,-8.166666666666666,-10.5,0.0,0.0,109.11358747407161,0
SJU-STX,7,-5.428571428571429,-11.0,0.0,0.0,151.3424342763743,0
SJU-TPA,18,8.333333333333334,-7.5,0.0,0.0,1991.3122993785482,0
SLC-ABQ,18,-2.823529411764706,-8.0,0.0,0.05555555555555555,793.5686279171181,1
SLC-ATL,52,-3.32,-6.5,0.019230769230769232,0.019230769230769232,2553.4982955854002,0
SLC-AUS,12,-8.083333333333334,-13.0,0.0,0.0,1746.588114697339,0
SLC-BIL,25,-1.0,-8.0,0.0,0.0,623.3575741488568,0
SLC-BNA,7,-0.7142857142857143,-6.0,0.0,0.0,2254.6406240300425,0
SLC-BOI,16,-0.5625,-7.5,0.0,0.0,466.4143025406505,0
SLC-BOS,9,9.88888888888889,2.0,0.0,0.0,3379.536817388153,0
SLC-BTM,12,-4.333333333333333,-5.0,0.0,0.0,576.0084666309018,0
SLC-BUR,18,-7.555555555555555,-9.5,0.0,0.0,923.2534855590436,0
SLC-BWI,10,-5.0,-10.0,0.0,0.0,2993.481702984587,0
SLC-BZN,18,-10.61111111111111,-13.0,0.0,0.0,558.6910075091732,0
SLC-CDC,10,10.2,2.0,0.0,0.0,356.605641856108,0
SLC-CLT,16,2.357142857142857,-9.0,0.125,0.0,2773.5719775291436,0
SLC-COS,15,46.8,-11.0,0.0,0.0,659.4141774938699,0
SLC-CPR,14,-6.357142857142857,-9.5,0.0,0.0,513.7733392208902,0
SLC-CVG,7,-4.571428571428571,-8.0,0.0,0.0,2328.1656042593,0
SLC-DCA,12,-1.0,0.5,0.0,0.0,2972.0446535701963,0
SLC-DEN,109,4.12962962962963,-5.0,0.0,0.009174311926605505,628.1465972997992,0
SLC-DFW,46,11.41304347826087,-1.5,0.0,0.0,1589.5643013827907,0
SLC-DTW,19,-7.105263157894737,-6.0,0.0,0.0,2378.250707351304,0
SLC-EKO,8,3.0,-4.0,0.0,0.0,321.00194893766405,0
SLC-EUG,18,-12.444444444444445,-13.5,0.0,0.0,992.9096781653191,0
SLC-EWR,10,2.3,-2.5,0.0,0.0,3160.231219054294,0
SLC-FAT,15,15.266666666666667,2.0,0.0,0.0,805.2217276640508,0
SLC-FCA,13,-10.76923076923077,-10.0,0.0,0.0,855.6555791560214,0
SLC-GCC,5,-10.8,-11.0,0.0,0.0,659.00576574871,0
SLC-GEG,11,-11.909090909090908,-12.0,0.0,0.0,878.7527072324713,0
SLC-GJT,14,-7.5,-7.0,0.0,0.0,347.5815281337361,0
SLC-GTF,13,-5.6923076923076925,-5.0,0.0,0.0,745.8637279109078,0
SLC-HLN,16,-9.0,-11.0,0.0,0.0,646.9800205120247,0
SLC-IAH,31,-2.3225806451612905,-8.0,0.0,0.0,1922.7494567937042,0
SLC-IDA,21,-5.7,-8.5,0.047619047619047616,0.0,303.23189736029326,0
SLC-JAC,14,-2.142857142857143,-6.0,0.0,0.0,329.6640078274916,0
SLC-JFK,45,-0.4090909090909091,-8.5,0.022222222222222223,0.0,3193.5823299740996,0
SLC-LAS,63,0.25396825396825395,-5.0,0.0,0.0,591.9346508547867,0
SLC-LAX,110,1.3545454545454545,-4.0,0.0,0.0,949.3277853865142,0
SLC-LGB,41,-2.3658536585365852,-4.0,0.0,0.0,947.5558854448914,0
SLC-LWS,13,-8.076923076923077,-4.0,0.0,0.0,741.5807660022094,0
SLC-MCI,16,-11.5625,-15.0,0.0,0.0,1476.5065680817065,0
SLC-MCO,22,0.4090909090909091,-10.0,0.0,0.0,3102.729480483223,0
SLC-MDW,17,-12.4375,-10.5,0.0,0.058823529411764705,2020.442772550394,1
SLC-MFR,10,8.6,-3.5,0.0,0.0,922.5663102120137,0
SLC-MSN,6,-10.4,-13.0,0.16666666666666666,0.0,1884.199672009787,0
SLC-MSO,18,-2.8333333333333335,-8.5,0.0,0.0,702.0642047121368,0
SLC-MSP,35,-9.085714285714285,-10.0,0.0,0.0,1591.866883914035,0
SLC-OAK,46,-9.195652173913043,-12.5,0.0,0.0,944.8543719579842,0
SLC-OKC,11,-4.090909090909091,-12.0,0.0,0.0,1391.5724095621977,0
SLC-OMA,6,-7.666666666666667,-4.5,0.0,0.0,1348.083022921463,0
SLC-ONT,12,-3.6666666666666665,-8.5,0.0,0.0,897.8674396976631,0
SLC-ORD,47,-1.6956521739130435,-7.5,0.02127659574468085,0.0,2006.1559984731757,0
SLC-PDX,38,-3.918918918918919,-6.0,0.0,0.02631578947368421,1011.7356972741873,0
SLC-PHL,12,8.545454545454545,-11.0,0.08333333333333333,0.0,3092.7909706279374,0
SLC-PHX,103,-0.5048543689320388,-6.0,0.0,0.0,817.7563479771824,0
SLC-PIH,15,6.533333333333333,-1.0,0.0,0.0,241.54357690602697,0
SLC-PSC,11,-9.727272727272727,-14.0,0.0,0.0,837.3450945577289,0
SLC-PSP,9,14.666666666666666,1.0,0.0,0.0,870.9992693676229,0
SLC-RAP,10,7.4,1.0,0.0,0.0,816.3267816525035,0
SLC-RDM,9,-10.555555555555555,-11.0,0.0,0.0,844.0336995249357,0
SLC-RNO,12,-6.666666666666667,-7.0,0.0,0.0,677.2856782497824,0
SLC-SAN,40,-8.125,-10.0,0.0,0.0,1008.34534199792,0
SLC-SAT,9,3.5555555555555554,-2.0,0.0,0.0,1749.1771393595068,0
SLC-SEA,54,4.481481481481482,-1.0,0.0,0.0,1106.7455789926223,0
SLC-SFO,48,7.297872340425532,-4.0,0.020833333333333332,0.0,961.9166276826354,0
SLC-SGU,23,8.434782608695652,4.0,0.0,0.0,434.23931503058606,0
SLC-SJC,24,-5.166666666666667,-11.0,0.0,0.0,938.9845754099679,0
SLC-SMF,28,-2.0,-5.5,0.0,0.0,853.722769371245,0
SLC-SNA,29,-6.9655172413793105,-10.0,0.0,0.0,946.803740077943,0
SLC-STL,7,-8.285714285714286,-11.0,0.0,0.0,1856.7457365757953,0
SLC-SUN,16,-2.4285714285714284,-2.0,0.0,0.125,357.4324743369894,1
SLC-TUS,18,-6.166666666666667,-7.5,0.0,0.0,968.7423326928383,0
SLC-TWF,13,-0.9230769230769231,-3.0,0.0,0.0,280.9875707090533,0
SLC-VEL,6,-7.166666666666667,-8.0,0.0,0.0,211.8533827619883,0
SMF-ATL,8,-1.375,0.0,0.0,0.0,3359.679769644555,0
SMF-BUR,41,3.317073170731707,-6.0,0.0,0.0,577.2889287421962,0
SMF-DAL,7,-13.142857142857142,-10.0,0.0,0.0,2316.5862851440675,0
SMF-DEN,28,9.461538461538462,-2.0,0.07142857142857142,0.0,1460.251112915847,0
SMF-DFW,21,5.85,0.0,0.047619047619047616,0.0,2298.5323834247693,0
SMF-IAD,8,-6.75,-9.0,0.0,0.0,3785.2793010070022,0
SMF-IAH,11,43.27272727272727,4.0,0.0,0.0,2586.272286851359,0
SMF-JFK,7,1.7142857142857142,-9.0,0.0,0.0,4047.298476237561,0
SMF-LAS,45,7.844444444444444,-1.0,0.0,0.0,638.6250403069691,0
SMF-LAX,90,6.411111111111111,0.0,0.0,0.0,600.4068145280069,0
SMF-LGB,9,11.333333333333334,1.0,0.0,0.0,623.7824099973747,0
SMF-MDW,10,-5.3,-8.0,0.0,0.0,2873.9441134153794,0
SMF-MSP,6,-9.333333333333334,-0.5,0.0,0.0,2436.8000423233952,0
SMF-ONT,38,2.973684210526316,-3.0,0.0,0.0,627.3020666092209,0
SMF-ORD,6,-10.833333333333334,-11.0,0.0,0.0,2859.7945990039457,0
SMF-PDX,26,3.3846153846153846,-2.5,0.0,0.0,770.962434419668,0
SMF-PHX,59,2.086206896551724,-4.0,0.01694915254237288,0.0,1040.2907704013874,0
SMF-SAN,60,5.47457627118644,-4.0,0.016666666666666666,0.0,772.637151141723,0
SMF-SEA,58,4.103448275862069,-2.0,0.0,0.0,975.0874240023036,0
SMF-SFO,34,26.84375,5.5,0.058823529411764705,0.0,137.9334219149155,0
SMF-SLC,31,1.2666666666666666,-5.0,0.0,0.03225806451612903,853.722769371245,0
SMF-SNA,37,0.8611111111111112,-3.5,0.02702702702702703,0.0,650.3608890758487,0
SMX-LAX,5,0.2,-16.0,0.0,0.0,215.9975204575363,0
SMX-SFO,6,-10.5,-10.0,0.0,0.0,347.8438480888629,0
SNA-ATL,14,-7.642857142857143,-10.0,0.0,0.0,3081.3326405169623,0
SNA-AUS,5,-7.6,-19.0,0.0,0.0,1941.5785738437958,0
SNA-DAL,5,-4.2,-2.0,0.0,0.0,1952.891820491392,0
SNA-DEN,58,2.6206896551724137,-4.5,0.0,0.0,1360.0028929647606,0
SNA-DFW,51,-2.42,-7.0,0.0196078431372549,0.0,1934.9673141434375,0
SNA-EWR,10,-19.0,-24.5,0.0,0.0,3907.8034268856427,0
SNA-IAH,24,-5.826086956521739,-12.0,0.041666666666666664,0.0,2163.110931820628,0
SNA-LAS,43,5.285714285714286,-4.5,0.023255813953488372,0.0,364.48609084137814,0
SNA-MSP,22,-5.045454545454546,-16.5,0.0,0.0,2446.0545266851877,0
SNA-OAK,40,-0.8,-2.0,0.0,0.0,597.2075456771204,0
SNA-ORD,46,-1.0869565217391304,-5.5,0.0,0.0,2771.9914239336645,0
SNA-PDX,20,-6.8,-7.5,0.0,0.0,1384.5335290067123,0
SNA-PHX,78,-0.38961038961038963,-4.0,0.01282051282051282,0.0,543.6220756944879,0
SNA-SEA,46,-7.195652173913044,-6.0,0.0,0.0,1576.10381234602,0
SNA-SFO,76,7.473684210526316,-2.0,0.0,0.0,598.2409715545829,0
SNA-SJC,35,2.7142857142857144,-5.0,0.0,0.0,550.4004015439186,0
SNA-SLC,25,-6.04,-9.0,0.0,0.0,946.803740077943,0
SNA-SMF,28,1.0357142857142858,-3.0,0.0,0.0,650.3608890758487,0
SPI-DFW,11,11.0,-7.0,0.0,0.0,1014.6295763936349,0
SPI-ORD,13,37.23076923076923,11.0,0.0,0.0,280.33234084138206,0
SPS-DFW,24,3.6666666666666665,-3.5,0.0,0.0,181.61339319970384,0
SRQ-ATL,28,2.25,-8.5,0.0,0.0,717.1779148610302,0
SRQ-BOS,6,70.0,29.0,0.0,0.0,1965.5797959538288,0
SRQ-JFK,8,0.875,-3.0,0.0,0.0,1677.997473690324,0
SRQ-LGA,12,55.166666666666664,7.0,0.0,0.0,1687.015836181067,0
SRQ-ORD,7,20.166666666666668,-8.5,0.14285714285714285,0.0,1692.9246869139872,0
STL-ATL,68,-2.1176470588235294,-10.0,0.0,0.0,778.0718271181286,0
STL-BNA,8,5.0,2.0,0.0,0.0,436.68230790201216,0
STL-BOS,17,-5.0588235294117645,-12.0,0.0,0.0,1679.8176363433577,0
STL-BWI,19,-3.5789473684210527,-6.0,0.0,0.0,1183.6450108536126,0
STL-CLE,5,-6.8,-11.0,0.0,0.0,781.8627796621853,0
STL-CLT,9,-1.8888888888888888,-4.0,0.0,0.0,923.5256366868992,0
STL-CMH,13,7.230769230769231,-1.0,0.0,0.0,656.6058180382407,0
STL-DAL,29,7.586206896551724,-8.0,0.0,0.0,878.8519511754472,0
STL-DCA,17,1.7647058823529411,-3.0,0.0,0.0,1153.522569596632,0
STL-DEN,26,1.8846153846153846,-6.0,0.0,0.0,1235.864268317721,0
STL-DFW,40,-1.525,-6.0,0.0,0.0,885.9327371725009,0
STL-DTW,21,4.428571428571429,-1.0,0.0,0.0,706.7600305264249,0
STL-EWR,31,10.966666666666667,0.0,0.03225806451612903,0.0,1399.5327958789285,0
STL-FLL,6,-3.6666666666666665,-3.5,0.0,0.0,1701.6402749783792,0
STL-GRR,6,3.8333333333333335,2.5,0.0,0.0,613.7235235718094,0
STL-HOU,16,4.066666666666666,-5.0,0.0625,0.0,1108.1486963527757,0
STL-IAH,19,23.0,4.0,0.10526315789473684,0.0,1076.2296513678746,0
STL-LAS,29,3.3793103448275863,-10.0,0.0,0.0,2202.7547574268015,0
STL-LAX,30,2.066666666666667,-6.0,0.0,0.0,2557.627949255226,0
STL-LGA,32,14.862068965517242,3.0,0.09375,0.0,1425.0305785294997,0
STL-MCI,27,1.1481481481481481,-4.0,0.0,0.0,381.0207077445367,0
STL-MCO,29,4.896551724137931,-5.0,0.0,0.0,1418.9642593827286,0
STL-MDW,28,8.461538461538462,-7.5,0.03571428571428571,0.03571428571428571,403.789946097039,0
STL-MIA,18,4.294117647058823,-1.0,0.0,0.05555555555555555,1721.0927177854242,1
STL-MKE,7,-4.285714285714286,-6.0,0.0,0.0,510.8102565365175,0
STL-MSP,33,-0.2727272727272727,-9.0,0.0,0.0,721.7463500014424,0
STL-MSY,11,9.1,-2.5,0.09090909090909091,0.0,973.4785154041948,0
STL-OKC,9,11.0,-3.0,0.0,0.0,742.5052347356007,0
STL-OMA,16,-0.6875,-7.5,0.0,0.0,550.0681249048134,0
STL-ORD,43,1.3953488372093024,-4.0,0.0,0.0,415.2007108962125,0
STL-PHL,7,-3.5714285714285716,-6.0,0.0,0.0,1305.1682386264586,0
STL-PHX,38,-3.710526315789474,-2.5,0.0,0.0,2027.321714881126,0
STL-RDU,7,30.142857142857142,4.0,0.0,0.0,1071.1579678669914,0
STL-RSW,8,3.5714285714285716,-6.0,0.125,0.0,1577.0438620891023,0
STL-SAT,6,-11.833333333333334,-12.0,0.0,0.0,1266.3331152876367,0
STL-SEA,10,-4.5,-8.0,0.0,0.0,2745.1695104645887,0
STL-SFO,17,-6.235294117647059,-17.0,0.0,0.0,2786.7388878970914,0
STL-SLC,10,-5.9,-14.5,0.0,0.0,1856.7457365757953,0
STL-TPA,14,-4.642857142857143,-6.0,0.0,0.0,1399.745344894677,0
STL-TUL,6,-9.333333333333334,-10.5,0.0,0.0,564.0811294759546,0
STT-ATL,9,0.8888888888888888,-7.0,0.0,0.0,2574.9751681489865,0
STT-JFK,9,14.666666666666666,9.0,0.0,0.0,2618.76580755771,0
STT-MIA,14,-0.6428571428571429,-6.0,0.0,0.0,1780.8629137192995,0
STT-PHL,6,-8.8,-4.0,0.0,0.16666666666666666,2589.509286296085,1
STT-SJU,13,3.1538461538461537,-6.0,0.0,0.0,109.11358747407161,0
STX-MIA,10,169.88888888888889,9.0,0.1,0.0,1833.334341678158,0
STX-SJU,5,11.6,-4.0,0.0,0.0,151.3424342763743,0
SUN-SLC,13,-10.416666666666666,-13.5,0.07692307692307693,0.0,357.4324743369894,0
SUX-ORD,9,-5.555555555555555,-5.0,0.0,0.0,699.9088659640759,0
SWF-FLL,5,-9.6,-12.0,0.0,0.0,1803.3802389563984,0
SYR-ATL,18,-4.0,-13.5,0.0,0.0,1277.2237025355603,0
SYR-CLT,15,-8.133333333333333,-9.0,0.0,0.0,971.667587534106,0
SYR-EWR,11,21.363636363636363,-10.0,0.0,0.0,313.1037189852874,0
SYR-JFK,16,-8.266666666666667,-11.0,0.0625,0.0,335.6060605535475,0
SYR-MCO,7,1.5,-10.5,0.0,0.14285714285714285,1697.9809181833443,1
SYR-MSP,5,-13.0,-12.0,0.0,0.0,1380.1449653278705,0
SYR-ORD,25,-4.086956521739131,-16.0,0.08,0.0,973.8527075646108,0
TLH-ATL,30,-1.206896551724138,-9.0,0.03333333333333333,0.0,360.7785993523326,0
TLH-DFW,9,-2.111111111111111,-8.0,0.0,0.0,1231.8274984808036,0
TLH-MIA,9,-5.222222222222222,-9.0,0.0,0.0,648.3974247095681,0
TOL-ORD,21,-2.5,-11.0,0.14285714285714285,0.0,342.43395534303187,0
TPA-ALB,5,17.8,0.0,0.0,0.0,1820.9502865864647,0
TPA-ATL,118,0.16101694915254236,-7.0,0.0,0.0,655.3218777614096,0
TPA-AUS,9,-1.5555555555555556,-9.0,0.0,0.0,1490.249756221363,0
TPA-BDL,15,15.733333333333333,-3.0,0.0,0.0,1790.5380918940434,0
TPA-BHM,9,2.2222222222222223,-7.0,0.0,0.0,740.4804722484455,0
TPA-BNA,17,-5.0,-7.0,0.0,0.0,986.4561725194396,0
TPA-BOS,14,14.285714285714286,1.5,0.0,0.0,1908.4683575569775,0
TPA-BUF,15,10.133333333333333,-10.0,0.0,0.0,1698.7718471638875,0
TPA-BWI,36,10.027777777777779,-2.5,0.0,0.0,1357.913430874757,0
TPA-CAK,6,13.333333333333334,6.0,0.0,0.0,1442.3921827424954,0
TPA-CLE,6,-9.833333333333334,-12.0,0.0,0.0,1495.243574746252,0
TPA-CLT,64,5.967741935483871,-2.0,0.03125,0.0,818.8181876270369,0
TPA-CMH,15,-1.3333333333333333,-4.0,0.0,0.0,1337.2485313259942,0
TPA-DAL,9,12.777777777777779,12.0,0.0,0.0,1474.441580826702,0
TPA-DAY,5,2.6,0.0,0.0,0.0,1335.2249899602302,0
TPA-DCA,46,7.511111111111111,-7.0,0.021739130434782608,0.0,1311.87483918007,0
TPA-DEN,21,-3.142857142857143,-5.0,0.0,0.0,2421.893969388711,0
TPA-DFW,44,5.790697674418604,-5.0,0.022727272727272728,0.0,1492.5904522182636,0
TPA-DTW,36,4.75,-3.5,0.0,0.0,1584.7524635773634,0
TPA-EWR,35,3.7142857142857144,-11.0,0.0,0.0,1607.2709020618056,0
TPA-FLL,35,8.371428571428572,-2.0,0.0,0.0,316.79848095032446,0
TPA-HOU,19,-8.736842105263158,-15.0,0.0,0.0,1254.9546783319865,0
TPA-HPN,5,-1.6,-3.0,0.0,0.0,1662.9931089911274,0
TPA-IAD,17,-0.17647058823529413,-8.0,0.0,0.0,1306.8748199664071,0
TPA-IAH,31,2.193548387096774,-8.0,0.0,0.0,1264.8075878666714,0
TPA-IND,18,16.166666666666668,-5.5,0.0,0.0,1350.6753829741863,0
TPA-ISP,7,1.2857142857142858,-11.0,0.0,0.0,1665.3060603535282,0
TPA-JFK,36,2.4166666666666665,-7.5,0.0,0.0,1619.5233013632892,0
TPA-LAS,8,-6.875,-9.5,0.0,0.0,3187.4815914106907,0
TPA-LAX,10,-4.0,-13.5,0.0,0.0,3466.430528951771,0
TPA-LGA,35,17.257142857142856,3.0,0.0,0.0,1628.2978595703732,0
TPA-MCI,10,-12.6,-11.5,0.0,0.0,1686.8495490926493,0
TPA-MDW,28,0.8571428571428571,-4.5,0.0,0.0,1606.9053490462577,0
TPA-MHT,9,13.666666666666666,7.0,0.0,0.0,1939.4162269942183,0
TPA-MIA,33,0.7878787878787878,-5.0,0.0,0.0,329.15073576234283,0
TPA-MKE,13,-7.846153846153846,-11.0,0.0,0.0,1733.2046668356645,0
TPA-MSP,18,6.166666666666667,-8.0,0.0,0.0,2104.4350299134685,0
TPA-MSY,11,7.909090909090909,-4.0,0.0,0.0,783.9618128716571,0
TPA-ORD,37,9.342857142857143,-10.0,0.05405405405405406,0.0,1631.3525299976932,0
TPA-PHL,34,-0.11764705882352941,-4.0,0.0,0.0,1482.7453299611866,0
TPA-PHX,19,-5.842105263157895,-11.0,0.0,0.0,2872.379682431399,0
TPA-PIT,13,34.61538461538461,4.0,0.0,0.0,1407.539178135661,0
TPA-PVD,10,2.3,-1.0,0.0,0.0,1830.5299074813988,0
TPA-RDU,16,4.3125,-4.5,0.0,0.0,946.8920116082396,0
TPA-SAT,10,1.0,-5.0,0.0,0.0,1561.9285348965811,0
TPA-SEA,6,2.0,0.0,0.0,0.0,4050.988617518729,0
TPA-SJU,21,19.19047619047619,0.0,0.0,0.0,1991.3122993785482,0
TPA-STL,17,24.88235294117647,-2.0,0.0,0.0,1399.745344894677,0
TPA-TTN,5,33.4,12.0,0.0,0.0,1539.817465659692,0
TRI-ATL,23,-1.4782608695652173,-7.0,0.0,0.0,364.8696032708434,0
TTN-DTW,5,-4.4,-1.0,0.0,0.0,744.9853783630631,0
TTN-RDU,6,-6.333333333333333,-8.0,0.0,0.0,600.0661232979933,0
TUL-ATL,22,3.5,-6.0,0.0,0.0,1082.244403214663,0
TUL-DAL,17,10.529411764705882,-1.0,0.0,0.0,382.9484121080484,0
TUL-DEN,31,4.419354838709677,-6.0,0.0,0.0,869.4031298354662,0
TUL-DFW,40,-4.45,-8.0,0.0,0.0,381.9824884375476,0
TUL-HOU,14,-0.38461538461538464,-1.0,0.07142857142857142,0.0,730.865708795491,0
TUL-IAH,24,10.958333333333334,-8.0,0.0,0.0,693.280566454248,0
TUL-MDW,7,1.4285714285714286,-3.0,0.0,0.0,937.5145298843125,0
TUL-MSP,11,-1.9090909090909092,-2.0,0.0,0.0,991.2950123274376,0
TUL-ORD,34,7.290322580645161,-3.0,0.08823529411764706,0.0,941.5556809102255,0
TUL-PHX,8,11.375,-3.5,0.0,0.0,1501.4291648657568,0
TUL-SLC,7,7.857142857142857,-14.0,0.0,0.0,1487.6851237841604,0
TUS-ATL,13,-7.3076923076923075,-13.0,0.0,0.0,2475.042417539495,0
TUS-DEN,39,-2.236842105263158,-4.0,0.02564102564102564,0.0,1028.811168282985,0
TUS-DFW,31,-0.8709677419354839,-4.0,0.0,0.0,1305.7585836493947,0
TUS-IAH,17,6.588235294117647,0.0,0.0,0.0,1503.7104090726991,0
TUS-LAS,24,-7.25,-7.0,0.0,0.0,586.95142379168,0
TUS-LAX,37,18.35135135135135,-2.0,0.0,0.0,724.9308358793891,0
TUS-MDW,11,-12.5,-17.0,0.09090909090909091,0.0,2313.8109957131037,0
TUS-MSP,5,0.6,-7.0,0.0,0.0,2087.489873781924,0
TUS-ORD,10,10.6,7.0,0.0,0.0,2309.557684376297,0
TUS-PDX,5,-12.8,-15.0,0.0,0.0,1802.1843088367198,0
TUS-PHX,25,9.041666666666666,-0.5,0.04,0.0,177.2913058865617,0
TUS-SAN,17,11.176470588235293,-3.0,0.0,0.0,590.4072649095333,0
TUS-SEA,7,-6.857142857142857,-10.0,0.0,0.0,1957.4998081848814,0
TUS-SFO,15,1.4,-1.0,0.0,0.0,1208.021141057975,0
TUS-SLC,20,-6.95,-9.0,0.0,0.0,968.7423326928383,0
TVC-DTW,15,-4.933333333333334,-8.0,0.0,0.0,334.00363518098,0
TVC-ORD,32,0.7586206896551724,-11.0,0.09375,0.0,359.90286139695047,0
TWF-SLC,9,-9.444444444444445,-13.0,0.0,0.0,280.9875707090533,0
TXK-DFW,14,8.181818181818182,9.0,0.21428571428571427,0.0,290.20221439544275,0
TYR-DFW,28,16.51851851851852,-5.0,0.03571428571428571,0.0,164.52509513622775,0
TYR-IAH,9,-6.111111111111111,-11.0,0.0,0.0,264.00738561852745,0
TYS-ATL,29,3.4827586206896552,-5.0,0.0,0.0,244.7562497376901,0
TYS-DEN,10,3.4,0.0,0.0,0.0,1865.8356698345183,0
TYS-DFW,30,-0.20689655172413793,-4.0,0.03333333333333333,0.0,1239.492937633487,0
TYS-EWR,8,-15.25,-14.5,0.0,0.0,1014.0966917302358,0
TYS-IAH,14,-4.583333333333333,-6.0,0.07142857142857142,0.07142857142857142,1240.8062311988176,1
TYS-ORD,37,20.83783783783784,6.0,0.0,0.0,764.5282005897994,0
VLD-ATL,19,30.88888888888889,-2.0,0.05263157894736842,0.0,335.6995264443412,0
VPS-ATL,39,-5.0256410256410255,-11.0,0.0,0.0,402.89852681472274,0
VPS-DFW,34,22.060606060606062,3.0,0.029411764705882353,0.0,1029.6124034060124,0
VPS-IAH,13,-5.25,-7.5,0.0,0.07692307692307693,848.4344946060132,1
WRG-KTN,10,-6.8,-9.5,0.0,0.0,132.0001564124395,0
WRG-PSG,5,-9.0,-12.0,0.0,0.0,49.82853073304924,0
XNA-ATL,34,5.088235294117647,-1.0,0.0,0.0,946.5017829160017,0
XNA-DFW,47,18.261904761904763,-4.0,0.10638297872340426,0.0,451.85529443338083,0
XNA-EWR,6,25.5,27.5,0.0,0.0,1815.4971620091974,0
XNA-IAH,15,-1.6666666666666667,-4.0,0.0,0.0,707.2391495094446,0
XNA-LGA,10,120.6,6.5,0.0,0.0,1841.62220395361,0
XNA-MSP,7,2.142857142857143,-4.0,0.0,0.0,960.5230207894758,0
XNA-ORD,44,12.463414634146341,-5.0,0.06818181818181818,0.0,839.9291562865426,0
YAK-CDV,5,-2.6,-8.0,0.0,0.0,341.4851733368624,0
YAK-JNU,5,-3.2,-3.0,0.0,0.0,318.37057209231887,0
YUM-PHX,33,-0.3548387096774194,-6.0,0.06060606060606061,0.0,257.1100719353302,0
